0,1,time,week
5.51,0.04,2019-01-01 00:00:00,2
5.48,0.04,2019-01-01 01:00:00,2
5.56,0.11,2019-01-01 02:00:00,2
5.56,0.11,2019-01-01 03:00:00,2
5.58,0.11,2019-01-01 04:00:00,2
33.36,1.41,2019-01-01 05:00:00,2
37.69,1.97,2019-01-01 06:00:00,2
37.83,1.65,2019-01-01 07:00:00,2
35.87,0.88,2019-01-01 08:00:00,2
34.18,1.83,2019-01-01 09:00:00,2
32.56,0.56,2019-01-01 10:00:00,2
32.57,1.55,2019-01-01 11:00:00,2
30.58,0.32,2019-01-01 12:00:00,2
27.69,1.09,2019-01-01 13:00:00,2
28.63,0.74,2019-01-01 14:00:00,2
28.86,0.14,2019-01-01 15:00:00,2
28.97,0.67,2019-01-01 16:00:00,2
31.77,0.81,2019-01-01 17:00:00,2
34.29,0.25,2019-01-01 18:00:00,2
34.56,0.07,2019-01-01 19:00:00,2
34.84,0.32,2019-01-01 20:00:00,2
33.8,0.6,2019-01-01 21:00:00,2
13.3,0.56,2019-01-01 22:00:00,2
5.49,0.35,2019-01-01 23:00:00,2
5.52,0.14,2019-01-02 00:00:00,3
5.43,0.07,2019-01-02 01:00:00,3
5.44,0.0,2019-01-02 02:00:00,3
5.48,0.11,2019-01-02 03:00:00,3
5.6,0.11,2019-01-02 04:00:00,3
35.65,1.2,2019-01-02 05:00:00,3
41.4,2.5,2019-01-02 06:00:00,3
42.76,2.29,2019-01-02 07:00:00,3
41.24,2.57,2019-01-02 08:00:00,3
38.87,0.81,2019-01-02 09:00:00,3
35.5,2.32,2019-01-02 10:00:00,3
33.55,0.56,2019-01-02 11:00:00,3
31.87,1.02,2019-01-02 12:00:00,3
28.03,1.76,2019-01-02 13:00:00,3
28.04,0.6,2019-01-02 14:00:00,3
28.5,0.21,2019-01-02 15:00:00,3
21.79,0.85,2019-01-02 16:00:00,3
30.51,1.27,2019-01-02 17:00:00,3
34.26,0.85,2019-01-02 18:00:00,3
34.21,0.32,2019-01-02 19:00:00,3
35.72,0.07,2019-01-02 20:00:00,3
37.35,0.18,2019-01-02 21:00:00,3
14.45,0.35,2019-01-02 22:00:00,3
5.63,0.56,2019-01-02 23:00:00,3
5.56,0.77,2019-01-03 00:00:00,4
5.69,0.88,2019-01-03 01:00:00,4
5.63,0.74,2019-01-03 02:00:00,4
5.41,0.74,2019-01-03 03:00:00,4
5.54,0.67,2019-01-03 04:00:00,4
38.35,0.67,2019-01-03 05:00:00,4
44.68,0.6,2019-01-03 06:00:00,4
43.06,0.49,2019-01-03 07:00:00,4
41.37,0.35,2019-01-03 08:00:00,4
39.11,0.25,2019-01-03 09:00:00,4
36.71,0.14,2019-01-03 10:00:00,4
33.64,0.11,2019-01-03 11:00:00,4
30.65,0.0,2019-01-03 12:00:00,4
26.98,0.0,2019-01-03 13:00:00,4
26.46,0.11,2019-01-03 14:00:00,4
26.82,0.11,2019-01-03 15:00:00,4
27.39,0.14,2019-01-03 16:00:00,4
28.56,0.14,2019-01-03 17:00:00,4
30.03,0.14,2019-01-03 18:00:00,4
30.82,0.18,2019-01-03 19:00:00,4
34.61,0.21,2019-01-03 20:00:00,4
35.07,0.32,2019-01-03 21:00:00,4
13.9,0.35,2019-01-03 22:00:00,4
5.59,0.42,2019-01-03 23:00:00,4
5.54,0.49,2019-01-04 00:00:00,5
5.56,0.49,2019-01-04 01:00:00,5
5.56,0.46,2019-01-04 02:00:00,5
5.56,0.46,2019-01-04 03:00:00,5
5.59,0.49,2019-01-04 04:00:00,5
37.48,0.49,2019-01-04 05:00:00,5
42.81,0.49,2019-01-04 06:00:00,5
40.87,0.46,2019-01-04 07:00:00,5
39.3,0.49,2019-01-04 08:00:00,5
37.15,0.6,2019-01-04 09:00:00,5
33.91,0.67,2019-01-04 10:00:00,5
29.53,0.63,2019-01-04 11:00:00,5
25.93,0.56,2019-01-04 12:00:00,5
23.67,0.56,2019-01-04 13:00:00,5
23.55,0.53,2019-01-04 14:00:00,5
23.6,0.49,2019-01-04 15:00:00,5
23.56,0.46,2019-01-04 16:00:00,5
23.84,0.49,2019-01-04 17:00:00,5
24.38,0.46,2019-01-04 18:00:00,5
26.39,0.53,2019-01-04 19:00:00,5
29.24,0.53,2019-01-04 20:00:00,5
30.24,0.6,2019-01-04 21:00:00,5
12.64,0.67,2019-01-04 22:00:00,5
5.67,0.56,2019-01-04 23:00:00,5
5.78,0.11,2019-01-07 00:00:00,1
5.77,0.07,2019-01-07 01:00:00,1
5.88,0.07,2019-01-07 02:00:00,1
5.91,0.07,2019-01-07 03:00:00,1
6.18,0.04,2019-01-07 04:00:00,1
30.9,2.36,2019-01-07 05:00:00,1
35.78,1.73,2019-01-07 06:00:00,1
37.67,1.51,2019-01-07 07:00:00,1
41.27,0.81,2019-01-07 08:00:00,1
40.18,1.27,2019-01-07 09:00:00,1
36.63,1.27,2019-01-07 10:00:00,1
33.44,0.56,2019-01-07 11:00:00,1
30.75,1.58,2019-01-07 12:00:00,1
30.16,3.27,2019-01-07 13:00:00,1
30.08,4.47,2019-01-07 14:00:00,1
30.91,4.26,2019-01-07 15:00:00,1
30.81,5.56,2019-01-07 16:00:00,1
29.72,4.82,2019-01-07 17:00:00,1
30.63,3.91,2019-01-07 18:00:00,1
30.36,3.94,2019-01-07 19:00:00,1
29.11,5.04,2019-01-07 20:00:00,1
29.51,5.95,2019-01-07 21:00:00,1
14.15,3.59,2019-01-07 22:00:00,1
9.34,4.89,2019-01-07 23:00:00,1
8.15,3.31,2019-01-08 00:00:00,2
8.14,3.17,2019-01-08 01:00:00,2
8.15,3.2,2019-01-08 02:00:00,2
8.04,3.27,2019-01-08 03:00:00,2
8.01,3.1,2019-01-08 04:00:00,2
30.89,5.95,2019-01-08 05:00:00,2
37.9,1.06,2019-01-08 06:00:00,2
42.53,0.95,2019-01-08 07:00:00,2
41.19,1.09,2019-01-08 08:00:00,2
39.11,2.01,2019-01-08 09:00:00,2
35.26,1.97,2019-01-08 10:00:00,2
31.72,1.69,2019-01-08 11:00:00,2
30.07,2.25,2019-01-08 12:00:00,2
29.63,4.19,2019-01-08 13:00:00,2
28.96,4.72,2019-01-08 14:00:00,2
26.0,4.72,2019-01-08 15:00:00,2
27.77,6.76,2019-01-08 16:00:00,2
27.89,6.41,2019-01-08 17:00:00,2
27.93,6.02,2019-01-08 18:00:00,2
27.92,4.19,2019-01-08 19:00:00,2
26.07,6.87,2019-01-08 20:00:00,2
25.03,5.11,2019-01-08 21:00:00,2
18.13,4.68,2019-01-08 22:00:00,2
13.23,3.49,2019-01-08 23:00:00,2
12.91,3.63,2019-01-09 00:00:00,3
12.86,3.52,2019-01-09 01:00:00,3
12.85,2.82,2019-01-09 02:00:00,3
12.81,2.11,2019-01-09 03:00:00,3
12.62,2.01,2019-01-09 04:00:00,3
28.62,7.08,2019-01-09 05:00:00,3
34.48,0.32,2019-01-09 06:00:00,3
36.63,0.85,2019-01-09 07:00:00,3
35.16,1.23,2019-01-09 08:00:00,3
33.1,2.57,2019-01-09 09:00:00,3
30.38,4.37,2019-01-09 10:00:00,3
28.63,3.98,2019-01-09 11:00:00,3
28.06,4.75,2019-01-09 12:00:00,3
27.53,3.98,2019-01-09 13:00:00,3
27.18,4.65,2019-01-09 14:00:00,3
28.57,13.84,2019-01-09 15:00:00,3
29.01,13.17,2019-01-09 16:00:00,3
28.43,11.37,2019-01-09 17:00:00,3
28.2,3.77,2019-01-09 18:00:00,3
28.35,6.27,2019-01-09 19:00:00,3
24.46,8.66,2019-01-09 20:00:00,3
23.41,4.68,2019-01-09 21:00:00,3
10.69,4.23,2019-01-09 22:00:00,3
7.06,4.4,2019-01-09 23:00:00,3
5.79,3.8,2019-01-10 00:00:00,4
5.84,4.37,2019-01-10 01:00:00,4
5.81,2.64,2019-01-10 02:00:00,4
5.83,2.71,2019-01-10 03:00:00,4
5.76,2.57,2019-01-10 04:00:00,4
17.53,8.31,2019-01-10 05:00:00,4
24.63,1.51,2019-01-10 06:00:00,4
27.63,2.57,2019-01-10 07:00:00,4
26.3,3.38,2019-01-10 08:00:00,4
23.81,4.33,2019-01-10 09:00:00,4
12.91,3.91,2019-01-10 10:00:00,4
26.0,8.13,2019-01-10 11:00:00,4
25.95,7.39,2019-01-10 12:00:00,4
25.83,5.39,2019-01-10 13:00:00,4
25.59,5.25,2019-01-10 14:00:00,4
26.73,7.68,2019-01-10 15:00:00,4
23.48,6.94,2019-01-10 16:00:00,4
20.6,6.48,2019-01-10 17:00:00,4
21.57,5.6,2019-01-10 18:00:00,4
21.82,6.83,2019-01-10 19:00:00,4
22.9,5.85,2019-01-10 20:00:00,4
23.79,7.25,2019-01-10 21:00:00,4
10.76,5.49,2019-01-10 22:00:00,4
6.78,5.74,2019-01-10 23:00:00,4
5.64,4.01,2019-01-11 00:00:00,5
5.83,4.86,2019-01-11 01:00:00,5
6.17,3.1,2019-01-11 02:00:00,5
5.89,3.1,2019-01-11 03:00:00,5
5.84,2.92,2019-01-11 04:00:00,5
22.58,7.5,2019-01-11 05:00:00,5
32.89,1.34,2019-01-11 06:00:00,5
34.1,1.76,2019-01-11 07:00:00,5
30.45,2.04,2019-01-11 08:00:00,5
26.25,1.73,2019-01-11 09:00:00,5
23.62,2.46,2019-01-11 10:00:00,5
24.6,4.68,2019-01-11 11:00:00,5
27.92,7.25,2019-01-11 12:00:00,5
27.4,6.16,2019-01-11 13:00:00,5
27.16,6.41,2019-01-11 14:00:00,5
27.24,6.41,2019-01-11 15:00:00,5
27.38,7.32,2019-01-11 16:00:00,5
27.51,6.09,2019-01-11 17:00:00,5
28.72,7.08,2019-01-11 18:00:00,5
28.89,6.69,2019-01-11 19:00:00,5
28.88,6.09,2019-01-11 20:00:00,5
29.0,5.95,2019-01-11 21:00:00,5
16.91,5.7,2019-01-11 22:00:00,5
12.14,3.98,2019-01-11 23:00:00,5
11.53,0.28,2019-01-14 00:00:00,1
11.29,0.32,2019-01-14 01:00:00,1
11.45,0.42,2019-01-14 02:00:00,1
11.54,0.39,2019-01-14 03:00:00,1
11.48,0.35,2019-01-14 04:00:00,1
24.07,9.44,2019-01-14 05:00:00,1
31.26,1.3,2019-01-14 06:00:00,1
33.57,4.58,2019-01-14 07:00:00,1
31.26,5.42,2019-01-14 08:00:00,1
29.86,6.16,2019-01-14 09:00:00,1
28.35,5.92,2019-01-14 10:00:00,1
27.52,5.49,2019-01-14 11:00:00,1
27.41,6.23,2019-01-14 12:00:00,1
27.23,9.75,2019-01-14 13:00:00,1
27.22,9.3,2019-01-14 14:00:00,1
28.35,20.04,2019-01-14 15:00:00,1
28.16,18.06,2019-01-14 16:00:00,1
27.99,9.3,2019-01-14 17:00:00,1
28.72,4.05,2019-01-14 18:00:00,1
28.89,7.89,2019-01-14 19:00:00,1
28.25,5.81,2019-01-14 20:00:00,1
23.14,4.75,2019-01-14 21:00:00,1
12.73,6.34,2019-01-14 22:00:00,1
5.94,4.4,2019-01-14 23:00:00,1
6.13,4.61,2019-01-15 00:00:00,2
6.3,3.27,2019-01-15 01:00:00,2
5.98,2.96,2019-01-15 02:00:00,2
6.13,2.25,2019-01-15 03:00:00,2
6.2,2.64,2019-01-15 04:00:00,2
17.26,8.56,2019-01-15 05:00:00,2
21.74,1.13,2019-01-15 06:00:00,2
23.15,1.9,2019-01-15 07:00:00,2
22.86,3.63,2019-01-15 08:00:00,2
22.41,4.44,2019-01-15 09:00:00,2
22.2,3.03,2019-01-15 10:00:00,2
22.07,3.77,2019-01-15 11:00:00,2
22.17,4.33,2019-01-15 12:00:00,2
21.79,3.66,2019-01-15 13:00:00,2
22.03,3.27,2019-01-15 14:00:00,2
24.41,5.28,2019-01-15 15:00:00,2
24.47,8.66,2019-01-15 16:00:00,2
27.24,3.94,2019-01-15 17:00:00,2
27.75,3.91,2019-01-15 18:00:00,2
27.57,7.01,2019-01-15 19:00:00,2
25.04,8.87,2019-01-15 20:00:00,2
23.2,9.58,2019-01-15 21:00:00,2
10.99,5.77,2019-01-15 22:00:00,2
6.3,4.68,2019-01-15 23:00:00,2
6.12,4.4,2019-01-16 00:00:00,3
5.89,3.52,2019-01-16 01:00:00,3
5.98,4.61,2019-01-16 02:00:00,3
5.93,3.84,2019-01-16 03:00:00,3
5.87,3.27,2019-01-16 04:00:00,3
17.41,6.87,2019-01-16 05:00:00,3
24.33,0.18,2019-01-16 06:00:00,3
26.75,1.65,2019-01-16 07:00:00,3
26.28,4.19,2019-01-16 08:00:00,3
29.81,5.6,2019-01-16 09:00:00,3
25.54,7.46,2019-01-16 10:00:00,3
21.36,5.63,2019-01-16 11:00:00,3
23.97,6.13,2019-01-16 12:00:00,3
26.89,8.73,2019-01-16 13:00:00,3
27.05,8.94,2019-01-16 14:00:00,3
28.13,10.25,2019-01-16 15:00:00,3
28.54,11.27,2019-01-16 16:00:00,3
28.06,6.3,2019-01-16 17:00:00,3
29.2,7.71,2019-01-16 18:00:00,3
29.18,8.38,2019-01-16 19:00:00,3
23.99,5.32,2019-01-16 20:00:00,3
23.14,7.08,2019-01-16 21:00:00,3
10.91,6.69,2019-01-16 22:00:00,3
6.52,4.79,2019-01-16 23:00:00,3
6.56,4.79,2019-01-17 00:00:00,4
6.39,5.0,2019-01-17 01:00:00,4
6.34,3.38,2019-01-17 02:00:00,4
6.03,3.94,2019-01-17 03:00:00,4
6.25,3.66,2019-01-17 04:00:00,4
19.6,8.13,2019-01-17 05:00:00,4
27.14,0.42,2019-01-17 06:00:00,4
29.27,0.63,2019-01-17 07:00:00,4
28.31,3.63,2019-01-17 08:00:00,4
26.45,4.58,2019-01-17 09:00:00,4
23.74,3.13,2019-01-17 10:00:00,4
22.29,5.53,2019-01-17 11:00:00,4
22.08,5.25,2019-01-17 12:00:00,4
21.74,3.63,2019-01-17 13:00:00,4
22.04,6.02,2019-01-17 14:00:00,4
23.61,5.74,2019-01-17 15:00:00,4
23.43,7.08,2019-01-17 16:00:00,4
20.9,7.82,2019-01-17 17:00:00,4
21.46,8.49,2019-01-17 18:00:00,4
21.38,8.91,2019-01-17 19:00:00,4
22.74,8.06,2019-01-17 20:00:00,4
23.33,6.37,2019-01-17 21:00:00,4
11.23,5.99,2019-01-17 22:00:00,4
4.29,5.11,2019-01-17 23:00:00,4
4.0,5.28,2019-01-18 00:00:00,5
4.31,3.94,2019-01-18 01:00:00,5
4.29,4.58,2019-01-18 02:00:00,5
4.2,3.1,2019-01-18 03:00:00,5
4.03,2.92,2019-01-18 04:00:00,5
15.68,8.13,2019-01-18 05:00:00,5
20.21,0.85,2019-01-18 06:00:00,5
21.92,1.51,2019-01-18 07:00:00,5
21.45,2.96,2019-01-18 08:00:00,5
20.61,5.56,2019-01-18 09:00:00,5
20.56,6.41,2019-01-18 10:00:00,5
20.4,4.86,2019-01-18 11:00:00,5
20.29,5.32,2019-01-18 12:00:00,5
20.34,5.14,2019-01-18 13:00:00,5
20.21,6.55,2019-01-18 14:00:00,5
20.24,5.85,2019-01-18 15:00:00,5
20.44,7.68,2019-01-18 16:00:00,5
20.23,6.69,2019-01-18 17:00:00,5
22.6,5.7,2019-01-18 18:00:00,5
21.49,6.69,2019-01-18 19:00:00,5
21.28,5.74,2019-01-18 20:00:00,5
21.49,7.29,2019-01-18 21:00:00,5
9.11,5.63,2019-01-18 22:00:00,5
4.49,5.6,2019-01-18 23:00:00,5
4.28,0.04,2019-01-21 00:00:00,1
4.57,0.0,2019-01-21 01:00:00,1
4.54,0.0,2019-01-21 02:00:00,1
4.47,0.04,2019-01-21 03:00:00,1
4.27,0.11,2019-01-21 04:00:00,1
16.2,6.87,2019-01-21 05:00:00,1
22.84,1.13,2019-01-21 06:00:00,1
26.43,1.76,2019-01-21 07:00:00,1
24.71,2.46,2019-01-21 08:00:00,1
23.18,2.71,2019-01-21 09:00:00,1
21.25,3.7,2019-01-21 10:00:00,1
20.99,7.08,2019-01-21 11:00:00,1
20.49,5.18,2019-01-21 12:00:00,1
20.32,3.63,2019-01-21 13:00:00,1
20.27,6.02,2019-01-21 14:00:00,1
20.05,5.81,2019-01-21 15:00:00,1
20.25,4.96,2019-01-21 16:00:00,1
20.69,5.11,2019-01-21 17:00:00,1
21.9,5.39,2019-01-21 18:00:00,1
22.05,4.58,2019-01-21 19:00:00,1
22.29,5.74,2019-01-21 20:00:00,1
23.75,3.87,2019-01-21 21:00:00,1
9.96,3.84,2019-01-21 22:00:00,1
4.64,2.46,2019-01-21 23:00:00,1
4.48,3.1,2019-01-22 00:00:00,2
4.53,2.96,2019-01-22 01:00:00,2
4.48,2.11,2019-01-22 02:00:00,2
4.36,1.37,2019-01-22 03:00:00,2
4.23,1.73,2019-01-22 04:00:00,2
26.87,5.63,2019-01-22 05:00:00,2
36.37,0.81,2019-01-22 06:00:00,2
38.8,0.74,2019-01-22 07:00:00,2
38.05,1.2,2019-01-22 08:00:00,2
35.0,1.48,2019-01-22 09:00:00,2
30.88,1.87,2019-01-22 10:00:00,2
27.34,1.8,2019-01-22 11:00:00,2
24.5,2.32,2019-01-22 12:00:00,2
23.65,3.17,2019-01-22 13:00:00,2
23.23,4.08,2019-01-22 14:00:00,2
25.56,4.44,2019-01-22 15:00:00,2
26.28,5.11,2019-01-22 16:00:00,2
27.15,5.88,2019-01-22 17:00:00,2
28.27,6.97,2019-01-22 18:00:00,2
28.54,5.63,2019-01-22 19:00:00,2
31.62,3.87,2019-01-22 20:00:00,2
34.39,6.34,2019-01-22 21:00:00,2
18.7,5.0,2019-01-22 22:00:00,2
12.56,3.2,2019-01-22 23:00:00,2
11.37,3.94,2019-01-23 00:00:00,3
11.59,2.75,2019-01-23 01:00:00,3
11.58,2.08,2019-01-23 02:00:00,3
11.48,1.09,2019-01-23 03:00:00,3
11.56,1.41,2019-01-23 04:00:00,3
38.17,7.5,2019-01-23 05:00:00,3
45.05,1.09,2019-01-23 06:00:00,3
44.33,1.34,2019-01-23 07:00:00,3
44.04,1.48,2019-01-23 08:00:00,3
41.28,1.58,2019-01-23 09:00:00,3
35.21,1.76,2019-01-23 10:00:00,3
32.32,1.41,2019-01-23 11:00:00,3
29.15,3.24,2019-01-23 12:00:00,3
27.82,4.61,2019-01-23 13:00:00,3
27.53,4.08,2019-01-23 14:00:00,3
28.63,3.35,2019-01-23 15:00:00,3
28.89,3.52,2019-01-23 16:00:00,3
28.64,3.56,2019-01-23 17:00:00,3
29.94,5.53,2019-01-23 18:00:00,3
31.57,4.51,2019-01-23 19:00:00,3
34.03,3.24,2019-01-23 20:00:00,3
35.96,3.45,2019-01-23 21:00:00,3
19.64,2.64,2019-01-23 22:00:00,3
12.62,2.89,2019-01-23 23:00:00,3
12.31,2.29,2019-01-24 00:00:00,4
11.96,2.89,2019-01-24 01:00:00,4
12.15,2.18,2019-01-24 02:00:00,4
12.22,2.22,2019-01-24 03:00:00,4
12.22,1.69,2019-01-24 04:00:00,4
39.51,7.22,2019-01-24 05:00:00,4
45.25,1.06,2019-01-24 06:00:00,4
46.13,1.06,2019-01-24 07:00:00,4
44.1,1.34,2019-01-24 08:00:00,4
40.86,1.69,2019-01-24 09:00:00,4
36.53,1.16,2019-01-24 10:00:00,4
32.1,2.5,2019-01-24 11:00:00,4
29.43,2.85,2019-01-24 12:00:00,4
28.34,4.93,2019-01-24 13:00:00,4
27.89,4.19,2019-01-24 14:00:00,4
24.2,3.59,2019-01-24 15:00:00,4
23.19,3.77,2019-01-24 16:00:00,4
22.22,4.51,2019-01-24 17:00:00,4
23.14,5.92,2019-01-24 18:00:00,4
23.34,3.49,2019-01-24 19:00:00,4
24.47,4.79,2019-01-24 20:00:00,4
24.34,3.91,2019-01-24 21:00:00,4
10.29,3.17,2019-01-24 22:00:00,4
5.74,3.42,2019-01-24 23:00:00,4
5.64,1.9,2019-01-25 00:00:00,5
5.7,2.04,2019-01-25 01:00:00,5
5.52,1.69,2019-01-25 02:00:00,5
5.62,1.37,2019-01-25 03:00:00,5
5.66,1.37,2019-01-25 04:00:00,5
31.22,6.65,2019-01-25 05:00:00,5
39.39,0.53,2019-01-25 06:00:00,5
39.26,1.48,2019-01-25 07:00:00,5
38.06,1.51,2019-01-25 08:00:00,5
34.0,1.48,2019-01-25 09:00:00,5
29.5,1.58,2019-01-25 10:00:00,5
26.06,1.73,2019-01-25 11:00:00,5
23.42,3.35,2019-01-25 12:00:00,5
22.94,3.84,2019-01-25 13:00:00,5
22.39,3.98,2019-01-25 14:00:00,5
22.11,3.27,2019-01-25 15:00:00,5
22.15,2.71,2019-01-25 16:00:00,5
22.48,4.01,2019-01-25 17:00:00,5
23.2,4.93,2019-01-25 18:00:00,5
23.55,3.77,2019-01-25 19:00:00,5
23.8,4.05,2019-01-25 20:00:00,5
23.91,4.19,2019-01-25 21:00:00,5
10.73,3.31,2019-01-25 22:00:00,5
5.7,2.04,2019-01-25 23:00:00,5
5.77,0.18,2019-01-28 00:00:00,1
5.51,0.14,2019-01-28 01:00:00,1
5.69,0.14,2019-01-28 02:00:00,1
5.75,0.11,2019-01-28 03:00:00,1
5.69,0.07,2019-01-28 04:00:00,1
26.21,6.94,2019-01-28 05:00:00,1
35.23,0.67,2019-01-28 06:00:00,1
36.18,1.06,2019-01-28 07:00:00,1
34.07,0.92,2019-01-28 08:00:00,1
31.05,2.64,2019-01-28 09:00:00,1
26.68,3.91,2019-01-28 10:00:00,1
24.21,5.35,2019-01-28 11:00:00,1
23.4,8.73,2019-01-28 12:00:00,1
22.82,7.54,2019-01-28 13:00:00,1
22.26,7.32,2019-01-28 14:00:00,1
27.68,8.27,2019-01-28 15:00:00,1
27.89,11.87,2019-01-28 16:00:00,1
27.95,6.9,2019-01-28 17:00:00,1
29.23,6.2,2019-01-28 18:00:00,1
29.39,8.59,2019-01-28 19:00:00,1
29.31,9.3,2019-01-28 20:00:00,1
24.85,8.73,2019-01-28 21:00:00,1
10.64,6.65,2019-01-28 22:00:00,1
5.77,5.77,2019-01-28 23:00:00,1
5.64,4.75,2019-01-29 00:00:00,2
5.61,3.59,2019-01-29 01:00:00,2
5.76,3.03,2019-01-29 02:00:00,2
5.79,3.94,2019-01-29 03:00:00,2
5.72,3.17,2019-01-29 04:00:00,2
18.93,8.13,2019-01-29 05:00:00,2
26.44,1.34,2019-01-29 06:00:00,2
28.33,2.5,2019-01-29 07:00:00,2
26.91,2.36,2019-01-29 08:00:00,2
25.23,5.56,2019-01-29 09:00:00,2
22.6,5.21,2019-01-29 10:00:00,2
22.06,4.61,2019-01-29 11:00:00,2
21.79,7.68,2019-01-29 12:00:00,2
21.85,4.58,2019-01-29 13:00:00,2
21.84,6.51,2019-01-29 14:00:00,2
23.06,7.08,2019-01-29 15:00:00,2
10.21,1.09,2019-01-29 16:00:00,2
20.35,6.13,2019-01-29 17:00:00,2
21.49,9.68,2019-01-29 18:00:00,2
21.49,6.3,2019-01-29 19:00:00,2
21.67,5.56,2019-01-29 20:00:00,2
24.55,7.64,2019-01-29 21:00:00,2
10.55,7.22,2019-01-29 22:00:00,2
5.85,4.61,2019-01-29 23:00:00,2
5.53,4.19,2019-01-30 00:00:00,3
5.88,3.8,2019-01-30 01:00:00,3
5.79,2.32,2019-01-30 02:00:00,3
5.75,3.77,2019-01-30 03:00:00,3
5.8,3.35,2019-01-30 04:00:00,3
16.82,7.54,2019-01-30 05:00:00,3
21.37,1.34,2019-01-30 06:00:00,3
23.01,1.55,2019-01-30 07:00:00,3
22.2,3.17,2019-01-30 08:00:00,3
22.05,6.27,2019-01-30 09:00:00,3
21.65,6.23,2019-01-30 10:00:00,3
21.33,4.58,2019-01-30 11:00:00,3
21.74,6.23,2019-01-30 12:00:00,3
21.7,8.35,2019-01-30 13:00:00,3
21.37,11.94,2019-01-30 14:00:00,3
26.27,21.51,2019-01-30 15:00:00,3
26.99,18.49,2019-01-30 16:00:00,3
26.75,10.46,2019-01-30 17:00:00,3
27.84,5.46,2019-01-30 18:00:00,3
27.34,6.23,2019-01-30 19:00:00,3
26.21,7.96,2019-01-30 20:00:00,3
22.91,3.27,2019-01-30 21:00:00,3
9.91,5.92,2019-01-30 22:00:00,3
5.73,3.91,2019-01-30 23:00:00,3
6.46,4.01,2019-01-31 00:00:00,4
5.6,4.3,2019-01-31 01:00:00,4
5.58,2.78,2019-01-31 02:00:00,4
5.45,3.59,2019-01-31 03:00:00,4
5.48,2.85,2019-01-31 04:00:00,4
16.96,8.24,2019-01-31 05:00:00,4
21.23,2.11,2019-01-31 06:00:00,4
24.3,2.75,2019-01-31 07:00:00,4
23.86,5.28,2019-01-31 08:00:00,4
22.63,5.18,2019-01-31 09:00:00,4
21.72,6.55,2019-01-31 10:00:00,4
21.73,4.82,2019-01-31 11:00:00,4
16.15,5.0,2019-01-31 12:00:00,4
21.43,7.71,2019-01-31 13:00:00,4
21.72,11.34,2019-01-31 14:00:00,4
24.49,17.82,2019-01-31 15:00:00,4
23.9,11.51,2019-01-31 16:00:00,4
21.72,7.08,2019-01-31 17:00:00,4
22.62,4.23,2019-01-31 18:00:00,4
22.58,8.42,2019-01-31 19:00:00,4
22.77,4.47,2019-01-31 20:00:00,4
21.96,5.32,2019-01-31 21:00:00,4
10.02,5.67,2019-01-31 22:00:00,4
5.69,4.26,2019-01-31 23:00:00,4
5.57,3.84,2019-02-01 00:00:00,5
5.46,3.73,2019-02-01 01:00:00,5
5.66,2.92,2019-02-01 02:00:00,5
5.68,3.06,2019-02-01 03:00:00,5
5.67,2.25,2019-02-01 04:00:00,5
16.81,8.1,2019-02-01 05:00:00,5
21.15,1.48,2019-02-01 06:00:00,5
22.59,2.22,2019-02-01 07:00:00,5
21.81,4.93,2019-02-01 08:00:00,5
22.98,7.5,2019-02-01 09:00:00,5
25.13,9.19,2019-02-01 10:00:00,5
24.74,8.1,2019-02-01 11:00:00,5
24.94,11.83,2019-02-01 12:00:00,5
24.89,15.67,2019-02-01 13:00:00,5
24.45,18.42,2019-02-01 14:00:00,5
24.19,20.07,2019-02-01 15:00:00,5
24.15,17.29,2019-02-01 16:00:00,5
25.22,12.64,2019-02-01 17:00:00,5
26.17,3.56,2019-02-01 18:00:00,5
25.92,1.97,2019-02-01 19:00:00,5
25.98,3.56,2019-02-01 20:00:00,5
25.71,2.99,2019-02-01 21:00:00,5
14.64,3.38,2019-02-01 22:00:00,5
10.27,3.1,2019-02-01 23:00:00,5
4.56,0.21,2019-02-04 00:00:00,1
4.46,0.21,2019-02-04 01:00:00,1
4.58,0.25,2019-02-04 02:00:00,1
4.24,0.21,2019-02-04 03:00:00,1
4.2,0.18,2019-02-04 04:00:00,1
15.51,10.28,2019-02-04 05:00:00,1
19.41,0.99,2019-02-04 06:00:00,1
21.59,4.68,2019-02-04 07:00:00,1
20.78,8.2,2019-02-04 08:00:00,1
20.66,4.96,2019-02-04 09:00:00,1
20.68,7.78,2019-02-04 10:00:00,1
20.29,6.09,2019-02-04 11:00:00,1
20.49,4.05,2019-02-04 12:00:00,1
20.51,6.44,2019-02-04 13:00:00,1
20.59,7.89,2019-02-04 14:00:00,1
25.71,8.1,2019-02-04 15:00:00,1
27.32,7.18,2019-02-04 16:00:00,1
26.43,6.9,2019-02-04 17:00:00,1
27.54,5.99,2019-02-04 18:00:00,1
27.56,6.13,2019-02-04 19:00:00,1
23.65,6.41,2019-02-04 20:00:00,1
22.84,5.99,2019-02-04 21:00:00,1
12.44,3.8,2019-02-04 22:00:00,1
7.71,4.08,2019-02-04 23:00:00,1
7.99,4.4,2019-02-05 00:00:00,2
7.99,4.01,2019-02-05 01:00:00,2
7.87,2.71,2019-02-05 02:00:00,2
7.98,2.08,2019-02-05 03:00:00,2
7.73,2.22,2019-02-05 04:00:00,2
17.9,8.35,2019-02-05 05:00:00,2
21.73,0.92,2019-02-05 06:00:00,2
23.16,1.34,2019-02-05 07:00:00,2
22.39,3.8,2019-02-05 08:00:00,2
22.3,5.04,2019-02-05 09:00:00,2
21.85,6.87,2019-02-05 10:00:00,2
22.31,5.92,2019-02-05 11:00:00,2
22.37,5.11,2019-02-05 12:00:00,2
22.34,5.56,2019-02-05 13:00:00,2
22.72,4.58,2019-02-05 14:00:00,2
24.59,5.42,2019-02-05 15:00:00,2
25.44,4.4,2019-02-05 16:00:00,2
26.35,5.81,2019-02-05 17:00:00,2
25.96,5.67,2019-02-05 18:00:00,2
26.01,3.35,2019-02-05 19:00:00,2
24.16,3.38,2019-02-05 20:00:00,2
22.99,2.54,2019-02-05 21:00:00,2
10.28,3.94,2019-02-05 22:00:00,2
6.18,4.65,2019-02-05 23:00:00,2
5.59,3.42,2019-02-06 00:00:00,3
5.52,2.64,2019-02-06 01:00:00,3
5.48,3.42,2019-02-06 02:00:00,3
5.18,2.85,2019-02-06 03:00:00,3
5.5,2.71,2019-02-06 04:00:00,3
16.99,7.54,2019-02-06 05:00:00,3
22.55,0.99,2019-02-06 06:00:00,3
25.88,1.55,2019-02-06 07:00:00,3
25.68,2.92,2019-02-06 08:00:00,3
25.84,5.04,2019-02-06 09:00:00,3
24.54,5.25,2019-02-06 10:00:00,3
22.09,4.89,2019-02-06 11:00:00,3
22.04,4.4,2019-02-06 12:00:00,3
21.39,5.6,2019-02-06 13:00:00,3
20.75,4.75,2019-02-06 14:00:00,3
25.4,3.87,2019-02-06 15:00:00,3
28.15,4.82,2019-02-06 16:00:00,3
28.73,5.56,2019-02-06 17:00:00,3
31.79,4.61,2019-02-06 18:00:00,3
33.11,4.93,2019-02-06 19:00:00,3
29.2,4.26,2019-02-06 20:00:00,3
30.25,4.65,2019-02-06 21:00:00,3
14.25,3.66,2019-02-06 22:00:00,3
7.99,4.79,2019-02-06 23:00:00,3
8.02,3.2,2019-02-07 00:00:00,4
8.11,3.06,2019-02-07 01:00:00,4
7.96,3.1,2019-02-07 02:00:00,4
7.92,3.1,2019-02-07 03:00:00,4
7.85,2.18,2019-02-07 04:00:00,4
32.05,6.51,2019-02-07 05:00:00,4
40.59,0.88,2019-02-07 06:00:00,4
41.65,0.67,2019-02-07 07:00:00,4
40.34,0.63,2019-02-07 08:00:00,4
38.37,0.56,2019-02-07 09:00:00,4
37.9,0.56,2019-02-07 10:00:00,4
33.04,0.28,2019-02-07 11:00:00,4
28.99,1.3,2019-02-07 12:00:00,4
27.09,0.99,2019-02-07 13:00:00,4
26.4,1.2,2019-02-07 14:00:00,4
25.14,1.2,2019-02-07 15:00:00,4
24.57,2.71,2019-02-07 16:00:00,4
23.93,3.2,2019-02-07 17:00:00,4
26.03,3.2,2019-02-07 18:00:00,4
27.22,3.59,2019-02-07 19:00:00,4
29.04,3.56,2019-02-07 20:00:00,4
30.57,3.31,2019-02-07 21:00:00,4
13.04,3.06,2019-02-07 22:00:00,4
5.31,2.5,2019-02-07 23:00:00,4
5.2,2.15,2019-02-08 00:00:00,5
5.3,1.9,2019-02-08 01:00:00,5
5.32,2.96,2019-02-08 02:00:00,5
5.33,1.87,2019-02-08 03:00:00,5
5.33,0.88,2019-02-08 04:00:00,5
36.59,3.87,2019-02-08 05:00:00,5
41.77,1.55,2019-02-08 06:00:00,5
40.75,1.27,2019-02-08 07:00:00,5
39.03,2.01,2019-02-08 08:00:00,5
36.88,1.27,2019-02-08 09:00:00,5
33.79,0.99,2019-02-08 10:00:00,5
28.62,1.16,2019-02-08 11:00:00,5
25.38,0.88,2019-02-08 12:00:00,5
27.94,0.63,2019-02-08 13:00:00,5
23.96,1.97,2019-02-08 14:00:00,5
21.99,1.87,2019-02-08 15:00:00,5
21.79,2.36,2019-02-08 16:00:00,5
21.86,2.78,2019-02-08 17:00:00,5
22.71,3.73,2019-02-08 18:00:00,5
23.24,5.0,2019-02-08 19:00:00,5
23.27,5.53,2019-02-08 20:00:00,5
23.3,4.4,2019-02-08 21:00:00,5
12.28,3.1,2019-02-08 22:00:00,5
6.75,3.03,2019-02-08 23:00:00,5
6.8,0.0,2019-02-11 00:00:00,1
6.79,0.0,2019-02-11 01:00:00,1
6.74,0.0,2019-02-11 02:00:00,1
6.73,0.0,2019-02-11 03:00:00,1
6.8,0.0,2019-02-11 04:00:00,1
32.72,2.46,2019-02-11 05:00:00,1
35.94,0.32,2019-02-11 06:00:00,1
39.34,0.32,2019-02-11 07:00:00,1
39.99,0.04,2019-02-11 08:00:00,1
38.6,0.14,2019-02-11 09:00:00,1
39.36,0.0,2019-02-11 10:00:00,1
34.48,0.07,2019-02-11 11:00:00,1
30.77,0.0,2019-02-11 12:00:00,1
29.85,0.42,2019-02-11 13:00:00,1
29.22,0.42,2019-02-11 14:00:00,1
30.1,1.51,2019-02-11 15:00:00,1
29.96,2.36,2019-02-11 16:00:00,1
30.74,2.39,2019-02-11 17:00:00,1
33.11,2.78,2019-02-11 18:00:00,1
34.6,3.24,2019-02-11 19:00:00,1
32.03,4.3,2019-02-11 20:00:00,1
34.32,3.49,2019-02-11 21:00:00,1
14.98,1.94,2019-02-11 22:00:00,1
8.01,1.8,2019-02-11 23:00:00,1
7.91,1.87,2019-02-12 00:00:00,2
7.72,1.87,2019-02-12 01:00:00,2
7.94,1.27,2019-02-12 02:00:00,2
7.93,0.67,2019-02-12 03:00:00,2
7.88,1.73,2019-02-12 04:00:00,2
32.17,4.19,2019-02-12 05:00:00,2
41.73,1.62,2019-02-12 06:00:00,2
41.64,1.87,2019-02-12 07:00:00,2
40.8,1.62,2019-02-12 08:00:00,2
37.32,1.27,2019-02-12 09:00:00,2
33.5,1.06,2019-02-12 10:00:00,2
27.9,1.23,2019-02-12 11:00:00,2
25.24,1.23,2019-02-12 12:00:00,2
24.9,0.39,2019-02-12 13:00:00,2
24.53,1.58,2019-02-12 14:00:00,2
25.19,1.76,2019-02-12 15:00:00,2
24.12,3.13,2019-02-12 16:00:00,2
21.13,3.94,2019-02-12 17:00:00,2
22.35,2.64,2019-02-12 18:00:00,2
22.61,3.84,2019-02-12 19:00:00,2
23.22,2.96,2019-02-12 20:00:00,2
24.5,3.1,2019-02-12 21:00:00,2
11.11,2.92,2019-02-12 22:00:00,2
5.21,2.11,2019-02-12 23:00:00,2
5.26,2.18,2019-02-13 00:00:00,3
5.43,2.04,2019-02-13 01:00:00,3
5.37,1.37,2019-02-13 02:00:00,3
5.37,1.06,2019-02-13 03:00:00,3
5.36,2.32,2019-02-13 04:00:00,3
27.86,5.81,2019-02-13 05:00:00,3
33.66,1.48,2019-02-13 06:00:00,3
33.69,0.99,2019-02-13 07:00:00,3
31.27,1.8,2019-02-13 08:00:00,3
28.6,1.97,2019-02-13 09:00:00,3
27.0,1.37,2019-02-13 10:00:00,3
25.81,1.3,2019-02-13 11:00:00,3
22.32,1.41,2019-02-13 12:00:00,3
21.42,1.48,2019-02-13 13:00:00,3
21.2,2.92,2019-02-13 14:00:00,3
21.13,2.96,2019-02-13 15:00:00,3
21.01,1.73,2019-02-13 16:00:00,3
20.94,3.27,2019-02-13 17:00:00,3
21.91,2.22,2019-02-13 18:00:00,3
22.16,1.73,2019-02-13 19:00:00,3
22.49,1.09,2019-02-13 20:00:00,3
23.71,1.97,2019-02-13 21:00:00,3
9.96,1.87,2019-02-13 22:00:00,3
5.57,1.97,2019-02-13 23:00:00,3
5.57,2.85,2019-02-14 00:00:00,4
5.47,2.11,2019-02-14 01:00:00,4
5.69,2.04,2019-02-14 02:00:00,4
5.69,2.15,2019-02-14 03:00:00,4
5.64,2.25,2019-02-14 04:00:00,4
17.33,7.46,2019-02-14 05:00:00,4
21.84,0.85,2019-02-14 06:00:00,4
25.61,1.2,2019-02-14 07:00:00,4
27.91,2.29,2019-02-14 08:00:00,4
27.22,4.23,2019-02-14 09:00:00,4
25.92,3.63,2019-02-14 10:00:00,4
25.91,2.32,2019-02-14 11:00:00,4
25.83,4.61,2019-02-14 12:00:00,4
25.99,4.23,2019-02-14 13:00:00,4
26.05,6.13,2019-02-14 14:00:00,4
25.34,5.0,2019-02-14 15:00:00,4
23.97,3.03,2019-02-14 16:00:00,4
22.18,5.85,2019-02-14 17:00:00,4
22.84,3.66,2019-02-14 18:00:00,4
22.67,1.97,2019-02-14 19:00:00,4
22.86,2.46,2019-02-14 20:00:00,4
23.16,2.36,2019-02-14 21:00:00,4
10.54,2.57,2019-02-14 22:00:00,4
5.82,2.46,2019-02-14 23:00:00,4
5.64,2.71,2019-02-15 00:00:00,5
5.72,2.04,2019-02-15 01:00:00,5
5.47,2.36,2019-02-15 02:00:00,5
5.7,1.94,2019-02-15 03:00:00,5
2.75,0.53,2019-02-15 04:00:00,5
15.85,5.07,2019-02-15 05:00:00,5
21.42,1.76,2019-02-15 06:00:00,5
22.25,2.29,2019-02-15 07:00:00,5
22.36,3.52,2019-02-15 08:00:00,5
26.55,4.89,2019-02-15 09:00:00,5
26.06,10.46,2019-02-15 10:00:00,5
25.3,9.01,2019-02-15 11:00:00,5
25.05,7.25,2019-02-15 12:00:00,5
25.07,3.98,2019-02-15 13:00:00,5
24.68,7.92,2019-02-15 14:00:00,5
24.76,6.44,2019-02-15 15:00:00,5
24.97,6.62,2019-02-15 16:00:00,5
25.0,7.08,2019-02-15 17:00:00,5
25.89,3.63,2019-02-15 18:00:00,5
26.04,4.79,2019-02-15 19:00:00,5
26.03,6.37,2019-02-15 20:00:00,5
25.89,6.76,2019-02-15 21:00:00,5
14.52,4.19,2019-02-15 22:00:00,5
10.59,4.08,2019-02-15 23:00:00,5
11.33,0.0,2019-02-18 00:00:00,1
10.97,0.04,2019-02-18 01:00:00,1
10.96,0.07,2019-02-18 02:00:00,1
10.96,0.07,2019-02-18 03:00:00,1
10.96,0.11,2019-02-18 04:00:00,1
26.63,7.04,2019-02-18 05:00:00,1
33.81,0.92,2019-02-18 06:00:00,1
35.45,1.23,2019-02-18 07:00:00,1
31.54,1.65,2019-02-18 08:00:00,1
26.97,2.08,2019-02-18 09:00:00,1
27.25,2.99,2019-02-18 10:00:00,1
27.39,3.35,2019-02-18 11:00:00,1
26.59,2.71,2019-02-18 12:00:00,1
25.12,1.69,2019-02-18 13:00:00,1
23.7,1.9,2019-02-18 14:00:00,1
30.22,2.5,2019-02-18 15:00:00,1
30.33,2.61,2019-02-18 16:00:00,1
31.13,2.04,2019-02-18 17:00:00,1
32.9,1.13,2019-02-18 18:00:00,1
33.75,2.29,2019-02-18 19:00:00,1
34.53,0.85,2019-02-18 20:00:00,1
31.48,0.49,2019-02-18 21:00:00,1
15.36,0.18,2019-02-18 22:00:00,1
8.33,0.18,2019-02-18 23:00:00,1
7.77,0.07,2019-02-19 00:00:00,2
7.89,0.18,2019-02-19 01:00:00,2
7.96,0.85,2019-02-19 02:00:00,2
7.95,1.02,2019-02-19 03:00:00,2
7.92,0.14,2019-02-19 04:00:00,2
31.76,3.2,2019-02-19 05:00:00,2
41.23,0.95,2019-02-19 06:00:00,2
40.12,0.67,2019-02-19 07:00:00,2
39.28,0.6,2019-02-19 08:00:00,2
36.94,0.53,2019-02-19 09:00:00,2
35.2,0.21,2019-02-19 10:00:00,2
31.06,0.18,2019-02-19 11:00:00,2
27.18,0.32,2019-02-19 12:00:00,2
26.21,0.11,2019-02-19 13:00:00,2
26.63,0.14,2019-02-19 14:00:00,2
28.41,0.04,2019-02-19 15:00:00,2
28.11,0.28,2019-02-19 16:00:00,2
29.67,0.18,2019-02-19 17:00:00,2
30.65,0.04,2019-02-19 18:00:00,2
32.39,0.14,2019-02-19 19:00:00,2
31.47,0.0,2019-02-19 20:00:00,2
36.25,1.51,2019-02-19 21:00:00,2
17.88,1.02,2019-02-19 22:00:00,2
10.02,0.92,2019-02-19 23:00:00,2
10.2,0.53,2019-02-20 00:00:00,3
10.21,0.49,2019-02-20 01:00:00,3
10.37,0.04,2019-02-20 02:00:00,3
10.39,0.0,2019-02-20 03:00:00,3
10.24,0.0,2019-02-20 04:00:00,3
33.92,1.37,2019-02-20 05:00:00,3
38.14,0.39,2019-02-20 06:00:00,3
36.17,0.7,2019-02-20 07:00:00,3
33.19,1.09,2019-02-20 08:00:00,3
30.11,0.88,2019-02-20 09:00:00,3
15.52,0.35,2019-02-20 10:00:00,3
21.09,1.65,2019-02-20 11:00:00,3
18.83,0.7,2019-02-20 12:00:00,3
17.57,1.23,2019-02-20 13:00:00,3
16.82,0.92,2019-02-20 14:00:00,3
19.45,2.43,2019-02-20 15:00:00,3
27.57,3.73,2019-02-20 16:00:00,3
30.98,3.66,2019-02-20 17:00:00,3
33.09,3.38,2019-02-20 18:00:00,3
34.17,3.17,2019-02-20 19:00:00,3
33.62,2.89,2019-02-20 20:00:00,3
29.79,2.68,2019-02-20 21:00:00,3
12.42,3.52,2019-02-20 22:00:00,3
5.55,2.5,2019-02-20 23:00:00,3
5.73,2.36,2019-02-21 00:00:00,4
5.73,2.04,2019-02-21 01:00:00,4
5.58,1.34,2019-02-21 02:00:00,4
5.71,1.62,2019-02-21 03:00:00,4
6.8,2.46,2019-02-21 04:00:00,4
24.13,4.51,2019-02-21 05:00:00,4
32.78,0.67,2019-02-21 06:00:00,4
34.04,0.99,2019-02-21 07:00:00,4
32.4,0.95,2019-02-21 08:00:00,4
29.43,0.92,2019-02-21 09:00:00,4
28.14,0.77,2019-02-21 10:00:00,4
27.07,1.65,2019-02-21 11:00:00,4
26.61,2.04,2019-02-21 12:00:00,4
27.44,1.27,2019-02-21 13:00:00,4
28.58,2.08,2019-02-21 14:00:00,4
32.78,1.73,2019-02-21 15:00:00,4
34.58,1.51,2019-02-21 16:00:00,4
33.33,1.83,2019-02-21 17:00:00,4
32.85,1.58,2019-02-21 18:00:00,4
34.29,2.04,2019-02-21 19:00:00,4
37.21,1.62,2019-02-21 20:00:00,4
37.27,2.15,2019-02-21 21:00:00,4
14.97,1.9,2019-02-21 22:00:00,4
6.89,1.87,2019-02-21 23:00:00,4
7.29,1.83,2019-02-22 00:00:00,5
7.28,1.62,2019-02-22 01:00:00,5
7.16,0.81,2019-02-22 02:00:00,5
7.05,0.85,2019-02-22 03:00:00,5
6.91,1.23,2019-02-22 04:00:00,5
33.04,2.71,2019-02-22 05:00:00,5
38.07,1.09,2019-02-22 06:00:00,5
38.11,0.99,2019-02-22 07:00:00,5
36.15,1.2,2019-02-22 08:00:00,5
35.76,1.2,2019-02-22 09:00:00,5
35.42,0.42,2019-02-22 10:00:00,5
32.37,1.3,2019-02-22 11:00:00,5
26.35,0.7,2019-02-22 12:00:00,5
27.01,0.95,2019-02-22 13:00:00,5
27.85,0.28,2019-02-22 14:00:00,5
31.67,0.74,2019-02-22 15:00:00,5
31.79,0.04,2019-02-22 16:00:00,5
31.76,0.7,2019-02-22 17:00:00,5
32.95,0.53,2019-02-22 18:00:00,5
33.28,0.0,2019-02-22 19:00:00,5
33.98,0.0,2019-02-22 20:00:00,5
35.22,0.14,2019-02-22 21:00:00,5
12.87,0.07,2019-02-22 22:00:00,5
4.43,0.0,2019-02-22 23:00:00,5
4.12,0.11,2019-02-25 00:00:00,1
4.1,0.11,2019-02-25 01:00:00,1
3.76,0.14,2019-02-25 02:00:00,1
3.9,0.14,2019-02-25 03:00:00,1
3.91,0.18,2019-02-25 04:00:00,1
36.95,0.7,2019-02-25 05:00:00,1
52.83,1.09,2019-02-25 06:00:00,1
38.98,0.67,2019-02-25 07:00:00,1
33.89,0.63,2019-02-25 08:00:00,1
32.92,0.92,2019-02-25 09:00:00,1
30.11,0.21,2019-02-25 10:00:00,1
26.71,0.74,2019-02-25 11:00:00,1
24.46,0.07,2019-02-25 12:00:00,1
23.82,0.56,2019-02-25 13:00:00,1
23.76,0.18,2019-02-25 14:00:00,1
29.37,0.11,2019-02-25 15:00:00,1
29.33,1.02,2019-02-25 16:00:00,1
28.68,1.27,2019-02-25 17:00:00,1
29.22,3.38,2019-02-25 18:00:00,1
29.75,3.52,2019-02-25 19:00:00,1
28.13,2.78,2019-02-25 20:00:00,1
28.17,1.55,2019-02-25 21:00:00,1
13.67,2.5,2019-02-25 22:00:00,1
7.83,1.58,2019-02-25 23:00:00,1
7.66,0.85,2019-02-26 00:00:00,2
7.69,1.9,2019-02-26 01:00:00,2
7.6,0.88,2019-02-26 02:00:00,2
7.65,1.34,2019-02-26 03:00:00,2
8.16,0.49,2019-02-26 04:00:00,2
33.73,5.42,2019-02-26 05:00:00,2
38.15,0.32,2019-02-26 06:00:00,2
36.83,0.0,2019-02-26 07:00:00,2
34.83,0.0,2019-02-26 08:00:00,2
31.09,0.07,2019-02-26 09:00:00,2
27.86,0.07,2019-02-26 10:00:00,2
25.29,0.0,2019-02-26 11:00:00,2
24.49,0.25,2019-02-26 12:00:00,2
23.77,0.21,2019-02-26 13:00:00,2
23.29,0.28,2019-02-26 14:00:00,2
23.59,1.23,2019-02-26 15:00:00,2
23.07,3.35,2019-02-26 16:00:00,2
25.64,3.17,2019-02-26 17:00:00,2
27.57,2.25,2019-02-26 18:00:00,2
25.96,1.51,2019-02-26 19:00:00,2
24.33,1.2,2019-02-26 20:00:00,2
24.79,0.6,2019-02-26 21:00:00,2
14.74,1.55,2019-02-26 22:00:00,2
10.37,1.06,2019-02-26 23:00:00,2
10.2,0.6,2019-02-27 00:00:00,3
10.17,0.18,2019-02-27 01:00:00,3
10.28,1.9,2019-02-27 02:00:00,3
10.44,2.22,2019-02-27 03:00:00,3
10.73,2.25,2019-02-27 04:00:00,3
20.93,7.46,2019-02-27 05:00:00,3
27.79,1.58,2019-02-27 06:00:00,3
28.5,2.04,2019-02-27 07:00:00,3
26.27,2.78,2019-02-27 08:00:00,3
25.5,4.51,2019-02-27 09:00:00,3
25.19,6.69,2019-02-27 10:00:00,3
24.73,7.46,2019-02-27 11:00:00,3
24.69,5.0,2019-02-27 12:00:00,3
24.65,11.58,2019-02-27 13:00:00,3
24.04,8.94,2019-02-27 14:00:00,3
25.99,19.82,2019-02-27 15:00:00,3
26.1,17.71,2019-02-27 16:00:00,3
25.59,11.73,2019-02-27 17:00:00,3
26.57,4.96,2019-02-27 18:00:00,3
27.03,1.97,2019-02-27 19:00:00,3
24.87,7.29,2019-02-27 20:00:00,3
22.83,5.49,2019-02-27 21:00:00,3
11.56,2.75,2019-02-27 22:00:00,3
7.85,4.37,2019-02-27 23:00:00,3
7.85,3.03,2019-02-28 00:00:00,4
7.84,2.46,2019-02-28 01:00:00,4
7.5,3.7,2019-02-28 02:00:00,4
7.78,2.25,2019-02-28 03:00:00,4
7.79,2.46,2019-02-28 04:00:00,4
19.01,8.73,2019-02-28 05:00:00,4
26.4,1.44,2019-02-28 06:00:00,4
28.07,1.73,2019-02-28 07:00:00,4
26.47,2.54,2019-02-28 08:00:00,4
24.18,3.59,2019-02-28 09:00:00,4
22.34,3.94,2019-02-28 10:00:00,4
22.19,5.28,2019-02-28 11:00:00,4
21.8,6.13,2019-02-28 12:00:00,4
22.11,12.43,2019-02-28 13:00:00,4
21.63,7.04,2019-02-28 14:00:00,4
22.2,13.49,2019-02-28 15:00:00,4
23.16,14.68,2019-02-28 16:00:00,4
21.48,6.41,2019-02-28 17:00:00,4
20.57,6.13,2019-02-28 18:00:00,4
21.61,4.15,2019-02-28 19:00:00,4
23.41,7.32,2019-02-28 20:00:00,4
23.02,3.91,2019-02-28 21:00:00,4
11.44,2.04,2019-02-28 22:00:00,4
5.14,2.08,2019-02-28 23:00:00,4
5.34,1.87,2019-03-01 00:00:00,5
5.29,2.61,2019-03-01 01:00:00,5
5.3,1.9,2019-03-01 02:00:00,5
5.06,2.64,2019-03-01 03:00:00,5
5.02,1.51,2019-03-01 04:00:00,5
16.74,7.43,2019-03-01 05:00:00,5
21.03,1.34,2019-03-01 06:00:00,5
21.8,2.36,2019-03-01 07:00:00,5
21.26,3.84,2019-03-01 08:00:00,5
21.47,4.51,2019-03-01 09:00:00,5
21.61,3.63,2019-03-01 10:00:00,5
21.53,5.07,2019-03-01 11:00:00,5
21.25,12.43,2019-03-01 12:00:00,5
20.63,13.52,2019-03-01 13:00:00,5
20.86,13.91,2019-03-01 14:00:00,5
20.97,14.23,2019-03-01 15:00:00,5
20.7,12.57,2019-03-01 16:00:00,5
19.82,10.42,2019-03-01 17:00:00,5
20.28,11.13,2019-03-01 18:00:00,5
21.74,6.55,2019-03-01 19:00:00,5
21.72,10.95,2019-03-01 20:00:00,5
21.79,6.55,2019-03-01 21:00:00,5
9.57,5.46,2019-03-01 22:00:00,5
4.67,4.51,2019-03-01 23:00:00,5
4.81,1.34,2019-03-04 00:00:00,1
4.63,0.42,2019-03-04 01:00:00,1
4.9,0.77,2019-03-04 02:00:00,1
4.8,0.67,2019-03-04 03:00:00,1
4.76,0.25,2019-03-04 04:00:00,1
15.61,9.33,2019-03-04 05:00:00,1
20.25,0.95,2019-03-04 06:00:00,1
20.79,4.12,2019-03-04 07:00:00,1
20.56,5.95,2019-03-04 08:00:00,1
20.46,3.94,2019-03-04 09:00:00,1
20.63,3.17,2019-03-04 10:00:00,1
20.61,4.51,2019-03-04 11:00:00,1
20.6,7.68,2019-03-04 12:00:00,1
20.22,8.59,2019-03-04 13:00:00,1
19.84,13.49,2019-03-04 14:00:00,1
19.83,11.97,2019-03-04 15:00:00,1
19.84,12.01,2019-03-04 16:00:00,1
19.84,10.42,2019-03-04 17:00:00,1
21.49,3.84,2019-03-04 18:00:00,1
25.08,5.25,2019-03-04 19:00:00,1
25.25,3.38,2019-03-04 20:00:00,1
23.93,1.94,2019-03-04 21:00:00,1
13.49,1.65,2019-03-04 22:00:00,1
9.5,1.8,2019-03-04 23:00:00,1
9.73,0.56,2019-03-05 00:00:00,2
9.73,0.56,2019-03-05 01:00:00,2
9.71,2.15,2019-03-05 02:00:00,2
9.44,2.18,2019-03-05 03:00:00,2
9.69,1.51,2019-03-05 04:00:00,2
19.85,7.75,2019-03-05 05:00:00,2
23.7,0.67,2019-03-05 06:00:00,2
24.05,1.55,2019-03-05 07:00:00,2
24.15,2.5,2019-03-05 08:00:00,2
24.19,2.64,2019-03-05 09:00:00,2
24.12,4.44,2019-03-05 10:00:00,2
24.14,6.02,2019-03-05 11:00:00,2
23.87,10.67,2019-03-05 12:00:00,2
23.55,15.14,2019-03-05 13:00:00,2
23.67,17.25,2019-03-05 14:00:00,2
23.55,17.36,2019-03-05 15:00:00,2
23.39,18.06,2019-03-05 16:00:00,2
23.31,17.71,2019-03-05 17:00:00,2
23.94,13.2,2019-03-05 18:00:00,2
25.08,8.13,2019-03-05 19:00:00,2
25.61,3.24,2019-03-05 20:00:00,2
21.73,8.42,2019-03-05 21:00:00,2
10.44,3.49,2019-03-05 22:00:00,2
6.69,2.68,2019-03-05 23:00:00,2
6.64,2.25,2019-03-06 00:00:00,3
6.47,2.18,2019-03-06 01:00:00,3
6.42,1.48,2019-03-06 02:00:00,3
6.49,1.8,2019-03-06 03:00:00,3
6.5,1.51,2019-03-06 04:00:00,3
16.85,7.82,2019-03-06 05:00:00,3
21.04,0.67,2019-03-06 06:00:00,3
21.88,2.25,2019-03-06 07:00:00,3
21.81,3.1,2019-03-06 08:00:00,3
21.82,5.67,2019-03-06 09:00:00,3
21.55,7.22,2019-03-06 10:00:00,3
21.58,14.26,2019-03-06 11:00:00,3
21.23,18.1,2019-03-06 12:00:00,3
22.05,22.32,2019-03-06 13:00:00,3
21.41,19.26,2019-03-06 14:00:00,3
21.51,19.72,2019-03-06 15:00:00,3
25.26,30.28,2019-03-06 16:00:00,3
23.49,25.04,2019-03-06 17:00:00,3
20.46,18.2,2019-03-06 18:00:00,3
20.49,15.32,2019-03-06 19:00:00,3
20.53,10.74,2019-03-06 20:00:00,3
20.9,10.67,2019-03-06 21:00:00,3
8.64,2.75,2019-03-06 22:00:00,3
4.69,0.7,2019-03-06 23:00:00,3
4.54,1.06,2019-03-07 00:00:00,4
7.02,1.62,2019-03-07 01:00:00,4
6.5,1.34,2019-03-07 02:00:00,4
4.45,1.97,2019-03-07 03:00:00,4
4.37,1.06,2019-03-07 04:00:00,4
15.25,7.08,2019-03-07 05:00:00,4
19.82,0.77,2019-03-07 06:00:00,4
20.55,2.15,2019-03-07 07:00:00,4
20.36,2.11,2019-03-07 08:00:00,4
20.39,2.71,2019-03-07 09:00:00,4
20.37,2.32,2019-03-07 10:00:00,4
20.24,0.0,2019-03-07 11:00:00,4
20.16,0.0,2019-03-07 12:00:00,4
20.79,0.0,2019-03-07 13:00:00,4
19.69,6.48,2019-03-07 14:00:00,4
20.43,16.16,2019-03-07 15:00:00,4
23.34,27.25,2019-03-07 16:00:00,4
22.51,42.25,2019-03-07 17:00:00,4
22.84,23.1,2019-03-07 18:00:00,4
20.55,4.01,2019-03-07 19:00:00,4
21.58,2.92,2019-03-07 20:00:00,4
22.74,5.04,2019-03-07 21:00:00,4
10.35,1.94,2019-03-07 22:00:00,4
5.5,2.85,2019-03-07 23:00:00,4
5.4,2.32,2019-03-08 00:00:00,5
5.36,2.32,2019-03-08 01:00:00,5
5.44,1.51,2019-03-08 02:00:00,5
5.45,2.25,2019-03-08 03:00:00,5
5.34,1.69,2019-03-08 04:00:00,5
16.49,8.45,2019-03-08 05:00:00,5
21.02,0.92,2019-03-08 06:00:00,5
22.26,2.18,2019-03-08 07:00:00,5
21.61,23.24,2019-03-08 08:00:00,5
21.37,33.66,2019-03-08 09:00:00,5
21.75,37.57,2019-03-08 10:00:00,5
21.59,5.04,2019-03-08 11:00:00,5
21.55,6.9,2019-03-08 12:00:00,5
21.52,4.75,2019-03-08 13:00:00,5
21.58,4.96,2019-03-08 14:00:00,5
21.24,4.96,2019-03-08 15:00:00,5
21.54,3.59,2019-03-08 16:00:00,5
21.59,4.3,2019-03-08 17:00:00,5
21.68,6.69,2019-03-08 18:00:00,5
22.65,3.66,2019-03-08 19:00:00,5
22.67,4.72,2019-03-08 20:00:00,5
22.48,4.82,2019-03-08 21:00:00,5
10.18,1.3,2019-03-08 22:00:00,5
5.4,0.67,2019-03-08 23:00:00,5
5.35,0.0,2019-03-11 00:00:00,1
5.19,0.0,2019-03-11 01:00:00,1
5.28,0.0,2019-03-11 02:00:00,1
5.39,0.0,2019-03-11 03:00:00,1
5.39,0.0,2019-03-11 04:00:00,1
16.76,9.15,2019-03-11 05:00:00,1
21.36,9.68,2019-03-11 06:00:00,1
23.7,7.43,2019-03-11 07:00:00,1
23.1,7.04,2019-03-11 08:00:00,1
20.89,6.34,2019-03-11 09:00:00,1
20.6,5.63,2019-03-11 10:00:00,1
20.58,3.87,2019-03-11 11:00:00,1
20.35,8.2,2019-03-11 12:00:00,1
20.53,7.18,2019-03-11 13:00:00,1
20.58,6.87,2019-03-11 14:00:00,1
25.49,10.14,2019-03-11 15:00:00,1
26.61,7.92,2019-03-11 16:00:00,1
25.94,4.68,2019-03-11 17:00:00,1
26.5,5.28,2019-03-11 18:00:00,1
26.61,6.06,2019-03-11 19:00:00,1
26.92,5.92,2019-03-11 20:00:00,1
23.9,3.91,2019-03-11 21:00:00,1
12.95,1.27,2019-03-11 22:00:00,1
11.33,0.04,2019-03-11 23:00:00,1
10.56,0.04,2019-03-12 00:00:00,2
10.41,0.0,2019-03-12 01:00:00,2
10.66,0.0,2019-03-12 02:00:00,2
10.62,0.0,2019-03-12 03:00:00,2
10.6,0.0,2019-03-12 04:00:00,2
20.52,4.15,2019-03-12 05:00:00,2
24.15,5.11,2019-03-12 06:00:00,2
25.17,3.66,2019-03-12 07:00:00,2
24.79,3.13,2019-03-12 08:00:00,2
24.79,3.06,2019-03-12 09:00:00,2
24.78,5.92,2019-03-12 10:00:00,2
24.0,8.27,2019-03-12 11:00:00,2
24.08,7.15,2019-03-12 12:00:00,2
24.12,6.3,2019-03-12 13:00:00,2
24.19,5.21,2019-03-12 14:00:00,2
23.27,5.85,2019-03-12 15:00:00,2
22.63,3.91,2019-03-12 16:00:00,2
21.64,3.38,2019-03-12 17:00:00,2
23.05,3.24,2019-03-12 18:00:00,2
23.97,3.42,2019-03-12 19:00:00,2
23.68,2.92,2019-03-12 20:00:00,2
27.31,5.99,2019-03-12 21:00:00,2
15.06,2.85,2019-03-12 22:00:00,2
10.1,0.46,2019-03-12 23:00:00,2
10.03,0.35,2019-03-13 00:00:00,3
10.21,0.21,2019-03-13 01:00:00,3
10.22,0.07,2019-03-13 02:00:00,3
10.21,0.04,2019-03-13 03:00:00,3
10.17,0.0,2019-03-13 04:00:00,3
22.4,5.63,2019-03-13 05:00:00,3
27.17,5.49,2019-03-13 06:00:00,3
27.58,4.93,2019-03-13 07:00:00,3
26.72,4.65,2019-03-13 08:00:00,3
25.6,3.7,2019-03-13 09:00:00,3
24.49,5.14,2019-03-13 10:00:00,3
24.65,7.71,2019-03-13 11:00:00,3
24.44,5.28,2019-03-13 12:00:00,3
24.51,7.04,2019-03-13 13:00:00,3
24.23,6.69,2019-03-13 14:00:00,3
26.53,7.39,2019-03-13 15:00:00,3
26.72,6.94,2019-03-13 16:00:00,3
26.04,5.04,2019-03-13 17:00:00,3
26.26,4.82,2019-03-13 18:00:00,3
26.96,4.26,2019-03-13 19:00:00,3
26.04,4.96,2019-03-13 20:00:00,3
23.06,4.54,2019-03-13 21:00:00,3
11.86,1.83,2019-03-13 22:00:00,3
7.57,0.25,2019-03-13 23:00:00,3
7.59,0.14,2019-03-14 00:00:00,4
7.55,0.11,2019-03-14 01:00:00,4
7.41,0.04,2019-03-14 02:00:00,4
7.53,0.0,2019-03-14 03:00:00,4
7.35,0.0,2019-03-14 04:00:00,4
29.44,7.75,2019-03-14 05:00:00,4
37.18,7.43,2019-03-14 06:00:00,4
36.3,4.4,2019-03-14 07:00:00,4
34.69,5.25,2019-03-14 08:00:00,4
31.69,7.18,2019-03-14 09:00:00,4
27.42,5.32,2019-03-14 10:00:00,4
23.72,4.93,2019-03-14 11:00:00,4
22.59,4.75,2019-03-14 12:00:00,4
22.38,3.66,2019-03-14 13:00:00,4
22.41,2.85,2019-03-14 14:00:00,4
24.47,2.36,2019-03-14 15:00:00,4
24.1,5.11,2019-03-14 16:00:00,4
22.26,6.16,2019-03-14 17:00:00,4
22.64,4.58,2019-03-14 18:00:00,4
24.31,5.11,2019-03-14 19:00:00,4
24.42,5.0,2019-03-14 20:00:00,4
25.04,4.54,2019-03-14 21:00:00,4
11.59,1.8,2019-03-14 22:00:00,4
6.1,0.21,2019-03-14 23:00:00,4
5.64,8.03,2019-11-26 00:00:00,2
5.62,6.27,2019-11-26 01:00:00,2
5.59,7.32,2019-11-26 02:00:00,2
5.59,5.7,2019-11-26 03:00:00,2
5.58,5.14,2019-11-26 04:00:00,2
15.79,12.08,2019-11-26 05:00:00,2
20.06,10.77,2019-11-26 06:00:00,2
21.06,10.14,2019-11-26 07:00:00,2
19.98,9.23,2019-11-26 08:00:00,2
21.6,9.61,2019-11-26 09:00:00,2
22.21,12.68,2019-11-26 10:00:00,2
22.14,11.62,2019-11-26 11:00:00,2
20.93,11.23,2019-11-26 12:00:00,2
20.66,7.68,2019-11-26 13:00:00,2
20.22,9.26,2019-11-26 14:00:00,2
21.49,13.24,2019-11-26 15:00:00,2
22.53,11.87,2019-11-26 16:00:00,2
23.53,12.96,2019-11-26 17:00:00,2
23.86,14.51,2019-11-26 18:00:00,2
24.42,13.2,2019-11-26 19:00:00,2
22.43,12.01,2019-11-26 20:00:00,2
21.88,10.85,2019-11-26 21:00:00,2
10.22,10.81,2019-11-26 22:00:00,2
5.5,9.68,2019-11-26 23:00:00,2
5.49,7.85,2019-11-27 00:00:00,3
5.52,8.42,2019-11-27 01:00:00,3
5.47,6.34,2019-11-27 02:00:00,3
5.47,6.06,2019-11-27 03:00:00,3
5.45,5.56,2019-11-27 04:00:00,3
15.33,12.89,2019-11-27 05:00:00,3
19.81,11.41,2019-11-27 06:00:00,3
21.19,8.91,2019-11-27 07:00:00,3
20.77,8.06,2019-11-27 08:00:00,3
21.38,8.73,2019-11-27 09:00:00,3
20.98,8.63,2019-11-27 10:00:00,3
20.78,6.62,2019-11-27 11:00:00,3
20.03,8.38,2019-11-27 12:00:00,3
19.89,11.44,2019-11-27 13:00:00,3
19.77,10.95,2019-11-27 14:00:00,3
19.65,11.06,2019-11-27 15:00:00,3
19.77,6.13,2019-11-27 16:00:00,3
20.73,8.98,2019-11-27 17:00:00,3
20.71,12.61,2019-11-27 18:00:00,3
20.81,10.88,2019-11-27 19:00:00,3
20.35,12.25,2019-11-27 20:00:00,3
20.78,13.77,2019-11-27 21:00:00,3
10.64,10.6,2019-11-27 22:00:00,3
6.31,8.84,2019-11-27 23:00:00,3
6.29,9.37,2019-11-28 00:00:00,4
6.37,6.83,2019-11-28 01:00:00,4
6.39,6.51,2019-11-28 02:00:00,4
6.45,6.23,2019-11-28 03:00:00,4
6.29,5.92,2019-11-28 04:00:00,4
15.53,13.77,2019-11-28 05:00:00,4
19.28,12.04,2019-11-28 06:00:00,4
20.43,8.59,2019-11-28 07:00:00,4
19.96,9.4,2019-11-28 08:00:00,4
19.84,6.87,2019-11-28 09:00:00,4
19.82,6.58,2019-11-28 10:00:00,4
19.83,9.19,2019-11-28 11:00:00,4
19.84,8.87,2019-11-28 12:00:00,4
19.61,8.7,2019-11-28 13:00:00,4
19.73,13.7,2019-11-28 14:00:00,4
19.85,12.01,2019-11-28 15:00:00,4
19.85,13.98,2019-11-28 16:00:00,4
20.68,13.98,2019-11-28 17:00:00,4
20.66,13.52,2019-11-28 18:00:00,4
20.63,11.83,2019-11-28 19:00:00,4
20.53,10.74,2019-11-28 20:00:00,4
20.74,11.87,2019-11-28 21:00:00,4
10.44,11.94,2019-11-28 22:00:00,4
6.25,10.18,2019-11-28 23:00:00,4
5.84,9.75,2019-11-29 00:00:00,5
6.23,8.03,2019-11-29 01:00:00,5
6.02,8.03,2019-11-29 02:00:00,5
6.33,7.22,2019-11-29 03:00:00,5
6.28,6.62,2019-11-29 04:00:00,5
15.98,15.28,2019-11-29 05:00:00,5
20.05,15.04,2019-11-29 06:00:00,5
21.45,9.08,2019-11-29 07:00:00,5
21.27,7.96,2019-11-29 08:00:00,5
20.76,11.62,2019-11-29 09:00:00,5
20.84,8.52,2019-11-29 10:00:00,5
20.78,7.71,2019-11-29 11:00:00,5
20.66,9.3,2019-11-29 12:00:00,5
20.74,10.42,2019-11-29 13:00:00,5
20.65,7.01,2019-11-29 14:00:00,5
20.81,10.28,2019-11-29 15:00:00,5
20.75,9.12,2019-11-29 16:00:00,5
21.3,6.06,2019-11-29 17:00:00,5
21.74,8.2,2019-11-29 18:00:00,5
21.77,13.94,2019-11-29 19:00:00,5
21.72,14.96,2019-11-29 20:00:00,5
21.64,14.15,2019-11-29 21:00:00,5
10.21,11.65,2019-11-29 22:00:00,5
5.54,9.26,2019-11-29 23:00:00,5
5.49,1.02,2019-12-02 00:00:00,1
5.5,1.13,2019-12-02 01:00:00,1
5.54,1.06,2019-12-02 02:00:00,1
5.55,0.99,2019-12-02 03:00:00,1
5.53,0.92,2019-12-02 04:00:00,1
16.51,5.11,2019-12-02 05:00:00,1
21.88,6.51,2019-12-02 06:00:00,1
22.81,11.2,2019-12-02 07:00:00,1
22.43,9.3,2019-12-02 08:00:00,1
22.71,8.98,2019-12-02 09:00:00,1
23.69,10.11,2019-12-02 10:00:00,1
20.92,9.12,2019-12-02 11:00:00,1
23.76,10.0,2019-12-02 12:00:00,1
23.65,8.91,2019-12-02 13:00:00,1
21.38,7.15,2019-12-02 14:00:00,1
19.44,9.75,2019-12-02 15:00:00,1
19.31,13.17,2019-12-02 16:00:00,1
19.71,14.82,2019-12-02 17:00:00,1
20.78,13.77,2019-12-02 18:00:00,1
21.51,13.42,2019-12-02 19:00:00,1
24.58,14.96,2019-12-02 20:00:00,1
24.27,15.92,2019-12-02 21:00:00,1
11.21,11.65,2019-12-02 22:00:00,1
5.38,10.35,2019-12-02 23:00:00,1
5.27,8.2,2019-12-03 00:00:00,2
5.24,8.84,2019-12-03 01:00:00,2
5.24,6.73,2019-12-03 02:00:00,2
5.18,5.99,2019-12-03 03:00:00,2
5.16,5.7,2019-12-03 04:00:00,2
15.42,11.65,2019-12-03 05:00:00,2
20.1,12.5,2019-12-03 06:00:00,2
21.45,9.65,2019-12-03 07:00:00,2
21.11,9.54,2019-12-03 08:00:00,2
23.97,9.93,2019-12-03 09:00:00,2
23.84,8.2,2019-12-03 10:00:00,2
23.14,10.63,2019-12-03 11:00:00,2
22.39,10.95,2019-12-03 12:00:00,2
22.52,6.44,2019-12-03 13:00:00,2
22.71,9.26,2019-12-03 14:00:00,2
22.75,7.01,2019-12-03 15:00:00,2
22.56,10.6,2019-12-03 16:00:00,2
23.03,15.53,2019-12-03 17:00:00,2
22.97,13.94,2019-12-03 18:00:00,2
22.95,16.44,2019-12-03 19:00:00,2
22.71,15.35,2019-12-03 20:00:00,2
21.57,14.08,2019-12-03 21:00:00,2
9.28,12.61,2019-12-03 22:00:00,2
3.23,9.86,2019-12-03 23:00:00,2
3.16,10.14,2019-12-04 00:00:00,3
3.13,7.46,2019-12-04 01:00:00,3
3.13,7.32,2019-12-04 02:00:00,3
3.15,6.65,2019-12-04 03:00:00,3
3.2,6.16,2019-12-04 04:00:00,3
14.67,13.45,2019-12-04 05:00:00,3
19.49,12.89,2019-12-04 06:00:00,3
20.64,8.66,2019-12-04 07:00:00,3
19.92,6.06,2019-12-04 08:00:00,3
20.46,8.94,2019-12-04 09:00:00,3
22.57,7.04,2019-12-04 10:00:00,3
19.4,6.76,2019-12-04 11:00:00,3
19.12,10.32,2019-12-04 12:00:00,3
19.16,12.15,2019-12-04 13:00:00,3
19.1,17.15,2019-12-04 14:00:00,3
19.11,17.92,2019-12-04 15:00:00,3
19.14,11.94,2019-12-04 16:00:00,3
19.63,15.92,2019-12-04 17:00:00,3
19.83,13.94,2019-12-04 18:00:00,3
19.89,13.52,2019-12-04 19:00:00,3
19.94,15.14,2019-12-04 20:00:00,3
21.55,15.35,2019-12-04 21:00:00,3
12.27,11.65,2019-12-04 22:00:00,3
8.27,10.04,2019-12-04 23:00:00,3
8.35,10.18,2019-12-05 00:00:00,4
8.33,7.39,2019-12-05 01:00:00,4
8.36,7.18,2019-12-05 02:00:00,4
8.31,6.76,2019-12-05 03:00:00,4
8.23,6.02,2019-12-05 04:00:00,4
17.41,11.37,2019-12-05 05:00:00,4
21.47,14.01,2019-12-05 06:00:00,4
23.1,9.37,2019-12-05 07:00:00,4
22.47,11.62,2019-12-05 08:00:00,4
23.0,10.42,2019-12-05 09:00:00,4
22.86,11.23,2019-12-05 10:00:00,4
23.0,8.73,2019-12-05 11:00:00,4
19.79,11.06,2019-12-05 12:00:00,4
21.81,16.87,2019-12-05 13:00:00,4
22.2,27.78,2019-12-05 14:00:00,4
22.8,17.85,2019-12-05 15:00:00,4
22.65,15.88,2019-12-05 16:00:00,4
22.42,13.2,2019-12-05 17:00:00,4
22.78,15.42,2019-12-05 18:00:00,4
22.77,13.91,2019-12-05 19:00:00,4
20.88,13.52,2019-12-05 20:00:00,4
19.95,15.6,2019-12-05 21:00:00,4
9.09,11.27,2019-12-05 22:00:00,4
4.35,10.63,2019-12-05 23:00:00,4
4.75,9.12,2019-12-06 00:00:00,5
4.57,8.52,2019-12-06 01:00:00,5
4.61,6.8,2019-12-06 02:00:00,5
5.23,6.48,2019-12-06 03:00:00,5
5.34,6.13,2019-12-06 04:00:00,5
15.34,9.72,2019-12-06 05:00:00,5
19.28,11.06,2019-12-06 06:00:00,5
20.74,9.86,2019-12-06 07:00:00,5
20.11,10.53,2019-12-06 08:00:00,5
21.49,10.6,2019-12-06 09:00:00,5
23.09,8.94,2019-12-06 10:00:00,5
19.49,9.01,2019-12-06 11:00:00,5
19.02,9.47,2019-12-06 12:00:00,5
21.3,22.36,2019-12-06 13:00:00,5
21.52,20.53,2019-12-06 14:00:00,5
21.26,16.3,2019-12-06 15:00:00,5
21.3,13.42,2019-12-06 16:00:00,5
22.51,15.53,2019-12-06 17:00:00,5
23.7,12.85,2019-12-06 18:00:00,5
23.71,16.44,2019-12-06 19:00:00,5
20.96,14.4,2019-12-06 20:00:00,5
20.69,16.02,2019-12-06 21:00:00,5
9.9,12.57,2019-12-06 22:00:00,5
5.35,10.63,2019-12-06 23:00:00,5
9.58,8.38,2019-12-09 00:00:00,1
9.56,8.31,2019-12-09 01:00:00,1
9.52,9.01,2019-12-09 02:00:00,1
9.38,10.53,2019-12-09 03:00:00,1
9.4,11.48,2019-12-09 04:00:00,1
18.45,16.9,2019-12-09 05:00:00,1
22.37,15.14,2019-12-09 06:00:00,1
23.86,10.11,2019-12-09 07:00:00,1
22.89,14.3,2019-12-09 08:00:00,1
22.68,18.56,2019-12-09 09:00:00,1
23.68,24.72,2019-12-09 10:00:00,1
24.13,14.26,2019-12-09 11:00:00,1
23.56,21.09,2019-12-09 12:00:00,1
20.48,14.26,2019-12-09 13:00:00,1
19.09,16.02,2019-12-09 14:00:00,1
19.1,12.5,2019-12-09 15:00:00,1
18.96,14.05,2019-12-09 16:00:00,1
20.07,11.02,2019-12-09 17:00:00,1
20.73,11.73,2019-12-09 18:00:00,1
20.71,11.62,2019-12-09 19:00:00,1
20.74,10.32,2019-12-09 20:00:00,1
20.73,10.77,2019-12-09 21:00:00,1
9.4,9.82,2019-12-09 22:00:00,1
4.68,9.12,2019-12-09 23:00:00,1
4.73,8.7,2019-12-10 00:00:00,2
4.81,6.58,2019-12-10 01:00:00,2
4.78,7.78,2019-12-10 02:00:00,2
4.7,6.41,2019-12-10 03:00:00,2
4.61,5.0,2019-12-10 04:00:00,2
14.79,11.9,2019-12-10 05:00:00,2
19.41,12.64,2019-12-10 06:00:00,2
20.79,11.02,2019-12-10 07:00:00,2
20.06,16.13,2019-12-10 08:00:00,2
21.07,16.34,2019-12-10 09:00:00,2
23.03,15.56,2019-12-10 10:00:00,2
23.17,15.07,2019-12-10 11:00:00,2
20.92,15.14,2019-12-10 12:00:00,2
20.02,12.96,2019-12-10 13:00:00,2
20.53,12.68,2019-12-10 14:00:00,2
21.57,12.01,2019-12-10 15:00:00,2
21.44,12.57,2019-12-10 16:00:00,2
21.79,11.13,2019-12-10 17:00:00,2
22.97,13.94,2019-12-10 18:00:00,2
22.91,10.85,2019-12-10 19:00:00,2
22.71,9.23,2019-12-10 20:00:00,2
22.55,6.76,2019-12-10 21:00:00,2
13.22,6.06,2019-12-10 22:00:00,2
7.08,4.37,2019-12-10 23:00:00,2
7.41,2.78,2019-12-11 00:00:00,3
7.41,3.77,2019-12-11 01:00:00,3
7.44,2.89,2019-12-11 02:00:00,3
7.54,2.04,2019-12-11 03:00:00,3
7.51,2.5,2019-12-11 04:00:00,3
17.0,5.0,2019-12-11 05:00:00,3
21.1,5.67,2019-12-11 06:00:00,3
22.54,10.28,2019-12-11 07:00:00,3
21.96,8.66,2019-12-11 08:00:00,3
21.96,9.01,2019-12-11 09:00:00,3
21.94,7.46,2019-12-11 10:00:00,3
21.95,6.55,2019-12-11 11:00:00,3
21.49,9.61,2019-12-11 12:00:00,3
21.27,12.29,2019-12-11 13:00:00,3
21.21,7.5,2019-12-11 14:00:00,3
21.13,9.65,2019-12-11 15:00:00,3
21.04,11.16,2019-12-11 16:00:00,3
21.63,11.41,2019-12-11 17:00:00,3
22.82,11.94,2019-12-11 18:00:00,3
22.99,8.8,2019-12-11 19:00:00,3
23.05,6.55,2019-12-11 20:00:00,3
23.03,5.77,2019-12-11 21:00:00,3
13.05,4.75,2019-12-11 22:00:00,3
7.7,3.45,2019-12-11 23:00:00,3
7.73,1.94,2019-12-12 00:00:00,4
7.96,3.27,2019-12-12 01:00:00,4
7.84,1.23,2019-12-12 02:00:00,4
7.91,2.61,2019-12-12 03:00:00,4
7.73,0.85,2019-12-12 04:00:00,4
16.96,4.79,2019-12-12 05:00:00,4
21.44,6.02,2019-12-12 06:00:00,4
22.9,10.49,2019-12-12 07:00:00,4
22.29,8.7,2019-12-12 08:00:00,4
22.35,10.42,2019-12-12 09:00:00,4
22.19,8.98,2019-12-12 10:00:00,4
22.27,6.73,2019-12-12 11:00:00,4
21.77,9.3,2019-12-12 12:00:00,4
21.3,12.01,2019-12-12 13:00:00,4
21.1,7.15,2019-12-12 14:00:00,4
21.29,8.17,2019-12-12 15:00:00,4
21.05,7.29,2019-12-12 16:00:00,4
21.8,11.3,2019-12-12 17:00:00,4
23.47,14.01,2019-12-12 18:00:00,4
22.13,13.2,2019-12-12 19:00:00,4
21.37,13.77,2019-12-12 20:00:00,4
20.92,13.7,2019-12-12 21:00:00,4
10.74,12.32,2019-12-12 22:00:00,4
4.71,9.96,2019-12-12 23:00:00,4
4.53,8.2,2019-12-13 00:00:00,5
4.88,7.99,2019-12-13 01:00:00,5
4.7,6.09,2019-12-13 02:00:00,5
4.85,6.16,2019-12-13 03:00:00,5
4.66,5.14,2019-12-13 04:00:00,5
14.76,10.81,2019-12-13 05:00:00,5
19.64,9.4,2019-12-13 06:00:00,5
20.81,7.96,2019-12-13 07:00:00,5
19.95,6.41,2019-12-13 08:00:00,5
20.01,7.82,2019-12-13 09:00:00,5
20.25,5.81,2019-12-13 10:00:00,5
19.97,6.97,2019-12-13 11:00:00,5
19.38,8.98,2019-12-13 12:00:00,5
19.27,11.09,2019-12-13 13:00:00,5
19.06,6.69,2019-12-13 14:00:00,5
19.24,8.38,2019-12-13 15:00:00,5
19.32,9.15,2019-12-13 16:00:00,5
19.68,9.19,2019-12-13 17:00:00,5
20.47,13.94,2019-12-13 18:00:00,5
20.86,13.49,2019-12-13 19:00:00,5
20.76,13.84,2019-12-13 20:00:00,5
20.78,16.48,2019-12-13 21:00:00,5
9.4,13.13,2019-12-13 22:00:00,5
4.9,10.92,2019-12-13 23:00:00,5
4.7,4.86,2019-12-16 00:00:00,1
4.7,5.07,2019-12-16 01:00:00,1
4.86,2.57,2019-12-16 02:00:00,1
4.75,4.75,2019-12-16 03:00:00,1
4.64,2.18,2019-12-16 04:00:00,1
15.13,7.75,2019-12-16 05:00:00,1
20.29,8.1,2019-12-16 06:00:00,1
21.92,13.27,2019-12-16 07:00:00,1
21.36,13.98,2019-12-16 08:00:00,1
21.02,7.01,2019-12-16 09:00:00,1
20.77,7.57,2019-12-16 10:00:00,1
20.53,9.72,2019-12-16 11:00:00,1
20.37,7.92,2019-12-16 12:00:00,1
20.16,6.37,2019-12-16 13:00:00,1
20.07,5.88,2019-12-16 14:00:00,1
20.04,7.75,2019-12-16 15:00:00,1
20.1,9.01,2019-12-16 16:00:00,1
20.88,9.47,2019-12-16 17:00:00,1
21.51,9.33,2019-12-16 18:00:00,1
22.07,6.06,2019-12-16 19:00:00,1
21.57,8.42,2019-12-16 20:00:00,1
21.72,6.9,2019-12-16 21:00:00,1
9.7,6.48,2019-12-16 22:00:00,1
4.96,4.79,2019-12-16 23:00:00,1
4.9,3.94,2019-12-17 00:00:00,2
4.97,3.31,2019-12-17 01:00:00,2
5.0,3.63,2019-12-17 02:00:00,2
4.85,3.03,2019-12-17 03:00:00,2
4.85,1.8,2019-12-17 04:00:00,2
15.98,7.11,2019-12-17 05:00:00,2
21.39,7.71,2019-12-17 06:00:00,2
22.68,6.02,2019-12-17 07:00:00,2
22.72,7.68,2019-12-17 08:00:00,2
22.58,9.54,2019-12-17 09:00:00,2
22.26,9.44,2019-12-17 10:00:00,2
21.79,10.49,2019-12-17 11:00:00,2
21.54,8.35,2019-12-17 12:00:00,2
21.28,7.29,2019-12-17 13:00:00,2
21.13,9.61,2019-12-17 14:00:00,2
21.29,9.65,2019-12-17 15:00:00,2
21.11,8.2,2019-12-17 16:00:00,2
21.7,10.28,2019-12-17 17:00:00,2
21.39,7.22,2019-12-17 18:00:00,2
21.66,6.87,2019-12-17 19:00:00,2
21.64,8.73,2019-12-17 20:00:00,2
21.84,7.64,2019-12-17 21:00:00,2
9.74,5.74,2019-12-17 22:00:00,2
4.89,5.11,2019-12-17 23:00:00,2
4.92,4.19,2019-12-18 00:00:00,3
4.94,4.15,2019-12-18 01:00:00,3
4.85,4.68,2019-12-18 02:00:00,3
4.88,2.71,2019-12-18 03:00:00,3
4.81,3.59,2019-12-18 04:00:00,3
15.88,4.82,2019-12-18 05:00:00,3
21.19,5.6,2019-12-18 06:00:00,3
22.46,5.56,2019-12-18 07:00:00,3
21.78,8.17,2019-12-18 08:00:00,3
22.13,7.85,2019-12-18 09:00:00,3
22.29,8.03,2019-12-18 10:00:00,3
20.54,9.37,2019-12-18 11:00:00,3
19.56,9.89,2019-12-18 12:00:00,3
19.33,8.77,2019-12-18 13:00:00,3
19.29,7.85,2019-12-18 14:00:00,3
19.36,9.12,2019-12-18 15:00:00,3
19.38,9.01,2019-12-18 16:00:00,3
19.87,6.13,2019-12-18 17:00:00,3
20.34,8.91,2019-12-18 18:00:00,3
21.02,9.26,2019-12-18 19:00:00,3
21.14,9.47,2019-12-18 20:00:00,3
21.26,7.15,2019-12-18 21:00:00,3
9.61,6.09,2019-12-18 22:00:00,3
4.82,5.77,2019-12-18 23:00:00,3
4.59,5.67,2019-12-19 00:00:00,4
4.61,5.14,2019-12-19 01:00:00,4
4.75,3.63,2019-12-19 02:00:00,4
4.67,3.77,2019-12-19 03:00:00,4
4.77,4.47,2019-12-19 04:00:00,4
15.68,6.3,2019-12-19 05:00:00,4
21.05,7.18,2019-12-19 06:00:00,4
22.39,7.15,2019-12-19 07:00:00,4
21.96,7.96,2019-12-19 08:00:00,4
21.5,8.52,2019-12-19 09:00:00,4
20.95,8.31,2019-12-19 10:00:00,4
20.63,8.2,2019-12-19 11:00:00,4
20.36,10.92,2019-12-19 12:00:00,4
20.2,9.05,2019-12-19 13:00:00,4
19.77,8.17,2019-12-19 14:00:00,4
19.39,7.71,2019-12-19 15:00:00,4
19.34,10.92,2019-12-19 16:00:00,4
20.46,10.28,2019-12-19 17:00:00,4
21.44,7.54,2019-12-19 18:00:00,4
21.49,9.86,2019-12-19 19:00:00,4
21.62,7.96,2019-12-19 20:00:00,4
21.61,7.22,2019-12-19 21:00:00,4
9.73,5.74,2019-12-19 22:00:00,4
4.97,4.47,2019-12-19 23:00:00,4
5.0,4.51,2019-12-20 00:00:00,5
4.96,5.07,2019-12-20 01:00:00,5
4.99,2.92,2019-12-20 02:00:00,5
4.93,4.01,2019-12-20 03:00:00,5
4.87,2.54,2019-12-20 04:00:00,5
15.81,7.04,2019-12-20 05:00:00,5
21.37,8.59,2019-12-20 06:00:00,5
22.69,7.29,2019-12-20 07:00:00,5
22.33,8.56,2019-12-20 08:00:00,5
22.24,9.12,2019-12-20 09:00:00,5
21.72,9.93,2019-12-20 10:00:00,5
21.19,9.08,2019-12-20 11:00:00,5
20.48,7.36,2019-12-20 12:00:00,5
19.6,9.47,2019-12-20 13:00:00,5
19.47,11.9,2019-12-20 14:00:00,5
19.48,9.19,2019-12-20 15:00:00,5
19.44,7.32,2019-12-20 16:00:00,5
19.87,6.73,2019-12-20 17:00:00,5
21.11,8.35,2019-12-20 18:00:00,5
21.43,8.06,2019-12-20 19:00:00,5
21.64,7.18,2019-12-20 20:00:00,5
21.85,5.0,2019-12-20 21:00:00,5
9.83,4.23,2019-12-20 22:00:00,5
4.93,3.2,2019-12-20 23:00:00,5
3.19,0.39,2019-12-23 00:00:00,1
5.42,0.39,2019-12-23 01:00:00,1
4.92,0.49,2019-12-23 02:00:00,1
4.85,0.56,2019-12-23 03:00:00,1
4.68,0.63,2019-12-23 04:00:00,1
15.46,3.94,2019-12-23 05:00:00,1
20.53,5.81,2019-12-23 06:00:00,1
21.8,11.94,2019-12-23 07:00:00,1
21.29,9.72,2019-12-23 08:00:00,1
20.87,8.31,2019-12-23 09:00:00,1
20.69,10.46,2019-12-23 10:00:00,1
20.12,7.96,2019-12-23 11:00:00,1
19.33,8.91,2019-12-23 12:00:00,1
19.27,7.61,2019-12-23 13:00:00,1
19.29,9.01,2019-12-23 14:00:00,1
19.19,8.59,2019-12-23 15:00:00,1
19.4,8.03,2019-12-23 16:00:00,1
20.1,7.85,2019-12-23 17:00:00,1
19.42,6.41,2019-12-23 18:00:00,1
19.96,4.12,2019-12-23 19:00:00,1
20.45,8.63,2019-12-23 20:00:00,1
20.78,5.74,2019-12-23 21:00:00,1
9.17,4.58,2019-12-23 22:00:00,1
4.42,4.86,2019-12-23 23:00:00,1
4.38,4.01,2019-12-24 00:00:00,2
4.57,2.78,2019-12-24 01:00:00,2
4.63,3.91,2019-12-24 02:00:00,2
4.66,2.11,2019-12-24 03:00:00,2
4.62,2.99,2019-12-24 04:00:00,2
14.95,5.56,2019-12-24 05:00:00,2
19.21,5.53,2019-12-24 06:00:00,2
20.72,6.87,2019-12-24 07:00:00,2
20.87,14.26,2019-12-24 08:00:00,2
20.08,11.55,2019-12-24 09:00:00,2
19.73,14.3,2019-12-24 10:00:00,2
19.72,12.78,2019-12-24 11:00:00,2
19.97,11.27,2019-12-24 12:00:00,2
19.87,12.82,2019-12-24 13:00:00,2
19.87,14.37,2019-12-24 14:00:00,2
19.86,12.57,2019-12-24 15:00:00,2
19.91,12.5,2019-12-24 16:00:00,2
20.46,10.81,2019-12-24 17:00:00,2
20.89,10.99,2019-12-24 18:00:00,2
20.82,9.4,2019-12-24 19:00:00,2
21.08,8.38,2019-12-24 20:00:00,2
21.11,8.84,2019-12-24 21:00:00,2
9.39,6.34,2019-12-24 22:00:00,2
4.67,5.18,2019-12-24 23:00:00,2
4.64,4.72,2019-12-25 00:00:00,3
4.81,3.77,2019-12-25 01:00:00,3
4.74,3.87,2019-12-25 02:00:00,3
4.71,4.65,2019-12-25 03:00:00,3
4.72,2.39,2019-12-25 04:00:00,3
15.08,7.43,2019-12-25 05:00:00,3
19.98,6.27,2019-12-25 06:00:00,3
21.52,6.58,2019-12-25 07:00:00,3
21.01,5.92,2019-12-25 08:00:00,3
20.74,6.58,2019-12-25 09:00:00,3
20.73,7.08,2019-12-25 10:00:00,3
20.75,6.23,2019-12-25 11:00:00,3
20.76,5.18,2019-12-25 12:00:00,3
20.46,5.25,2019-12-25 13:00:00,3
20.29,5.32,2019-12-25 14:00:00,3
20.27,4.65,2019-12-25 15:00:00,3
20.19,6.3,2019-12-25 16:00:00,3
20.85,10.74,2019-12-25 17:00:00,3
21.41,12.75,2019-12-25 18:00:00,3
21.51,13.87,2019-12-25 19:00:00,3
21.61,14.15,2019-12-25 20:00:00,3
21.68,12.85,2019-12-25 21:00:00,3
9.4,11.37,2019-12-25 22:00:00,3
4.48,10.18,2019-12-25 23:00:00,3
4.52,10.07,2019-12-26 00:00:00,4
4.61,7.64,2019-12-26 01:00:00,4
4.64,7.08,2019-12-26 02:00:00,4
4.38,6.69,2019-12-26 03:00:00,4
4.34,5.99,2019-12-26 04:00:00,4
15.77,11.23,2019-12-26 05:00:00,4
20.98,8.45,2019-12-26 06:00:00,4
22.71,7.46,2019-12-26 07:00:00,4
22.04,6.41,2019-12-26 08:00:00,4
21.84,7.5,2019-12-26 09:00:00,4
21.27,8.63,2019-12-26 10:00:00,4
20.79,8.56,2019-12-26 11:00:00,4
20.23,7.64,2019-12-26 12:00:00,4
19.42,8.13,2019-12-26 13:00:00,4
19.55,10.99,2019-12-26 14:00:00,4
19.63,7.08,2019-12-26 15:00:00,4
20.16,9.51,2019-12-26 16:00:00,4
21.43,7.25,2019-12-26 17:00:00,4
21.4,8.24,2019-12-26 18:00:00,4
21.4,6.8,2019-12-26 19:00:00,4
21.59,5.42,2019-12-26 20:00:00,4
21.86,4.26,2019-12-26 21:00:00,4
9.42,5.11,2019-12-26 22:00:00,4
4.49,2.15,2019-12-26 23:00:00,4
4.47,4.33,2019-12-27 00:00:00,5
4.48,2.25,2019-12-27 01:00:00,5
4.55,2.29,2019-12-27 02:00:00,5
4.56,3.63,2019-12-27 03:00:00,5
4.46,1.62,2019-12-27 04:00:00,5
15.67,4.86,2019-12-27 05:00:00,5
20.9,7.08,2019-12-27 06:00:00,5
22.35,10.49,2019-12-27 07:00:00,5
21.87,8.27,2019-12-27 08:00:00,5
22.53,8.98,2019-12-27 09:00:00,5
24.24,8.06,2019-12-27 10:00:00,5
24.13,9.26,2019-12-27 11:00:00,5
24.21,10.74,2019-12-27 12:00:00,5
24.18,8.31,2019-12-27 13:00:00,5
24.12,6.27,2019-12-27 14:00:00,5
24.08,4.44,2019-12-27 15:00:00,5
23.91,7.68,2019-12-27 16:00:00,5
24.41,9.93,2019-12-27 17:00:00,5
25.12,7.04,2019-12-27 18:00:00,5
25.16,6.55,2019-12-27 19:00:00,5
25.1,10.74,2019-12-27 20:00:00,5
25.1,11.65,2019-12-27 21:00:00,5
13.85,11.58,2019-12-27 22:00:00,5
9.27,9.61,2019-12-27 23:00:00,5
9.29,0.49,2019-12-30 00:00:00,1
9.25,0.46,2019-12-30 01:00:00,1
9.2,0.42,2019-12-30 02:00:00,1
9.22,0.42,2019-12-30 03:00:00,1
9.21,0.39,2019-12-30 04:00:00,1
22.67,3.8,2019-12-30 05:00:00,1
26.66,8.17,2019-12-30 06:00:00,1
29.21,9.37,2019-12-30 07:00:00,1
27.94,7.15,2019-12-30 08:00:00,1
27.55,6.83,2019-12-30 09:00:00,1
26.9,5.88,2019-12-30 10:00:00,1
26.23,7.89,2019-12-30 11:00:00,1
26.09,10.56,2019-12-30 12:00:00,1
26.11,9.96,2019-12-30 13:00:00,1
26.13,5.21,2019-12-30 14:00:00,1
26.03,8.7,2019-12-30 15:00:00,1
26.02,3.66,2019-12-30 16:00:00,1
25.97,7.39,2019-12-30 17:00:00,1
25.98,10.11,2019-12-30 18:00:00,1
26.01,9.89,2019-12-30 19:00:00,1
26.02,12.18,2019-12-30 20:00:00,1
26.09,10.42,2019-12-30 21:00:00,1
14.1,9.05,2019-12-30 22:00:00,1
9.39,7.18,2019-12-30 23:00:00,1
9.43,6.94,2019-12-31 00:00:00,2
9.43,6.3,2019-12-31 01:00:00,2
9.44,4.96,2019-12-31 02:00:00,2
9.41,3.98,2019-12-31 03:00:00,2
9.33,5.67,2019-12-31 04:00:00,2
21.41,4.65,2019-12-31 05:00:00,2
24.93,7.85,2019-12-31 06:00:00,2
26.25,7.11,2019-12-31 07:00:00,2
26.05,5.14,2019-12-31 08:00:00,2
24.71,3.87,2019-12-31 09:00:00,2
24.22,5.04,2019-12-31 10:00:00,2
23.91,3.45,2019-12-31 11:00:00,2
23.59,3.59,2019-12-31 12:00:00,2
23.26,7.36,2019-12-31 13:00:00,2
23.29,13.17,2019-12-31 14:00:00,2
22.96,15.42,2019-12-31 15:00:00,2
22.95,11.06,2019-12-31 16:00:00,2
23.41,11.73,2019-12-31 17:00:00,2
23.31,8.2,2019-12-31 18:00:00,2
22.03,10.46,2019-12-31 19:00:00,2
22.15,7.46,2019-12-31 20:00:00,2
22.19,7.43,2019-12-31 21:00:00,2
9.72,5.92,2019-12-31 22:00:00,2
4.72,3.87,2019-12-31 23:00:00,2
