,0,1,2,3,4,5,6,7,8,9,10,11,12,13,14,15,16,17,18,19,20,21,22,23,24,25,26,27,28,29,30,31,32,33,34,35,36,37,38,39,40,41,42,43,44,45,46,47,48,49,50,51,52,53,54,55,56,57,58,59,60,61,62,63,64,65,66,67,68,69,70
0,-0.0,4.1011395339041705,9.593515587508001,7.542532340323537,3.8560110430310726,2.308903791901162,3.9553055471617196,1.5265182250608949,5.925918179476845,3.983333490805141,1.8595317922554204,5.222576771142129,1.4892342547963149,7.011417213786909,4.1181857969543945,6.848794470825478,4.654816086273082,13.252193856644517,10.21545012314313,2.026880371710898,4.523279939074439,3.031410818738923,3.6078219274953782,4.195260115209744,2.4967217380807973,4.023679347663192,3.650869740965046,7.527921026463238,9.564205827514892,10.773424767945269,3.3934462010605406,3.031104451727432,3.144202685901906,3.6609414649188,5.273262683053367,7.726340617545005,4.686520022258253,2.96999550293563,9.43400486741726,4.389269846016694,5.884714978089393,8.132567818783043,14.995968950602968,7.781217344330157,8.063215342177998,7.599943008270925,11.50085605166331,11.375745407831934,7.660312342886302,17.35713648125193,4.19425708218348,4.4490151435626215,2.992329904842544,6.595970318798447,3.3922289351756323,8.151834493568849,4.720057496213036,4.601685252446961,4.51864725207269,10.99629848783192,5.073597363386648,9.42636021012493,2.83371442403047,3.1823564639960886,2.3410145210028195,6.228692393617371,2.8524848674281653,10.108808385072162,3.181526998465716,6.36595401172236,3.491110227131602
1,4.1011395339041705,-0.0,7.121745363218259,4.008024852373137,3.168870748627402,4.940410139696734,2.6137741330969537,3.988282079888135,3.281919193297842,3.5740292286116344,4.977171145249345,2.88711880736878,3.241498016828913,4.357194928374731,7.660378333035856,10.7842480478646,2.8807632131219103,10.250673030511836,6.0632118187680515,4.402327630326982,3.923999745492565,1.8764443306764627,7.188033666934633,7.730931306970499,5.374321440107343,6.8571171615060535,7.196359279586453,11.416180124829557,14.722079429600674,6.475951040453476,2.835747689580778,3.6353519694129535,4.096898522119296,6.480108774064387,4.020028518354721,4.251187730970262,2.7128400939463337,4.603302226132534,8.13142555765812,5.896480930183097,9.884099599811538,11.98975913312326,12.457871139800464,3.942151078532642,4.058876496481129,4.038499858176361,7.795932785028715,6.7167432180681494,4.739427374568329,12.684298010751961,3.7106428163945107,5.9099260219117244,5.266505389401338,10.076255518306532,6.4063570709011906,12.460106116672021,3.5058307953430377,1.4271886264594729,2.037759670388938,8.768776004126197,3.8608301242906284,4.681334064244644,3.5974242616061267,6.185304574291646,4.051594693968281,10.39300181456061,4.607686490026348,5.676634792531937,6.063952170853829,2.7229296464493413,6.593150787937437
2,9.593515587508001,7.121745363218259,-0.0,3.247732462814899,9.270735277570715,9.091037355177397,5.996470289464797,9.184938616434222,4.4733978012645625,8.938190370749668,10.321152166799486,7.52765583023787,8.562302978617803,4.605448901155375,16.623500978323687,18.576826821397738,5.346460826264396,11.338855113264072,4.1305340273848445,10.864248592859251,4.344924268765749,7.068789756962097,13.864553383562674,14.787672436601992,13.160632513498486,6.977495417357912,16.428727492386365,19.84390091215244,17.661364055621874,8.440463140024502,7.311139047154293,7.713554338810513,9.504439461281654,14.472477379127179,8.97917938752269,6.475838969956853,8.407395139032605,11.282705435885333,9.057483984136445,11.690804950902605,17.02156583517094,19.730216282636547,17.012424351663956,5.069114871529683,4.595888434387876,5.768799150014562,3.6326340317314774,6.125213183357412,6.080789715634505,11.026463030359531,8.112923551142101,6.598327799162976,15.435731398770551,18.33947159515033,15.25160901413618,14.634314316783216,7.556411803974953,6.277353380995063,6.063588163929252,10.030789034319529,5.655694256227423,5.67798874967843,12.402336952149394,13.349590869092703,12.106951371466694,13.298245302885688,6.116199752622759,6.011429361349273,8.27465100862112,8.606645195420954,9.624412533137399
3,7.542532340323537,4.008024852373137,3.247732462814899,-0.0,6.028761369966557,9.506504855003092,5.177179540974495,6.9728128364307524,3.231846831696235,5.6881286480601325,9.93139842729898,4.4322100026430835,7.01213238808695,3.3855921421856547,12.085668234982434,15.884332533055296,3.7599716666484726,5.51344468938704,2.4582163442670075,7.95052015307394,6.592643056461397,4.456907918927111,11.405074892670678,11.861796377021,8.71196741301928,10.911119972326857,11.280198040671689,16.175595889271523,18.104372444340328,4.724767832937007,5.540735582705694,6.0146521852981785,7.304378282806541,10.194347476802985,6.289961410748931,4.867926303572407,6.860886218445846,8.275014155406065,9.620766324423244,10.092565745686985,13.910725391802886,16.188083667236434,17.951964301442725,3.2986777953722166,2.918171842932912,3.5357455447610304,2.702546022852663,3.7794992014527944,5.090148687146169,8.34905313411746,7.090970295319594,7.613700244429866,9.454843437584495,15.511966186138242,10.678367511415395,17.21511541058816,4.138430887338368,3.54371245959945,3.3227241488185864,9.651275271262413,6.266923904512623,1.826206730113055,7.627130784222699,10.619577377615272,8.051154198822033,15.155058502208519,8.727534318499636,5.128859607310422,9.716172205573837,5.597204494457942,11.086543137570196
4,3.8560110430310726,3.168870748627402,9.270735277570715,6.028761369966557,-0.0,5.287969920320358,4.637305940069055,3.190575275995612,4.328771561172491,2.645789817350256,4.561182359999489,2.9231110202005977,3.302284319990806,5.055708201744024,5.482534097458955,9.150752275593481,3.9541983661813425,8.936006997197719,7.785636981345898,3.163290954142439,6.173376359359877,1.8927362612044494,5.261041710725454,6.371552865711551,4.142320053602878,8.12837521751241,5.197011934830358,9.775623689492972,11.712458083826252,5.381285750032869,3.1748010428560955,3.667565668355089,5.412102121888341,3.978790359550084,3.9025104403282502,3.7780501516656306,2.606901544081736,3.987371811598982,8.89897186787952,3.628524984418492,7.208104854529656,9.641767904409312,12.610484199415644,4.389794874709216,4.7175493275045035,3.709918441303933,8.290853548130208,5.766102682592071,4.231527428761444,11.369978085221268,2.710929154104647,7.603829073593543,4.017518676728434,7.890706848931983,6.387610795349541,10.80427068167572,4.206740924446089,3.210368925284147,3.862499229101385,7.740095116078976,5.330030107004161,5.866011581041745,2.4325892927234465,5.087315787201336,4.848801718847218,8.634787185925397,5.714310100133443,6.21673939468377,5.526206318273084,4.080469680403053,5.8723246062441365
5,2.308903791901162,4.940410139696734,9.091037355177397,9.506504855003092,5.287969920320358,-0.0,4.058593178619016,2.665421300419034,6.163507289429465,5.72921479818174,1.6146544559253893,7.097129591444704,2.4964504727889874,8.299965856573355,4.419582853788866,6.029629552326823,4.98531138795244,15.837545492744903,11.828853225914022,2.86167831566512,4.4989629015549175,3.798090215485045,2.8968197514720035,3.5871107612053774,3.4295710253886003,2.3727526983664466,4.669509679777696,7.292126743938363,8.162602772875111,12.4563047930595,3.830949006268604,3.6677058566223666,3.128313973402023,5.032889966527868,6.361847522902132,9.189106721030868,5.887449669708079,3.3341812840570144,13.646424863116565,5.320929381505961,5.752863547771799,7.913400908034485,18.29901987797724,9.259253466099105,9.549915182672473,8.825037668458567,9.76033881998218,11.236941430104727,8.166472228376975,18.22503538611902,4.94672085504973,3.742844103293386,4.405493114140775,6.751748622821138,3.895048731342326,7.934675890048139,6.336604550901632,5.5202264159627745,5.617667330675817,10.625334509433713,5.859080300501863,11.492572108390675,4.280159788223374,2.9888624610863213,2.9370834212368417,6.086377402973591,2.321674525176853,11.645320338749071,4.079241093055536,8.847426494123368,3.689368778422472
6,3.9553055471617196,2.6137741330969537,5.996470289464797,5.177179540974495,4.637305940069055,4.058593178619016,-0.0,3.6566025434371525,4.894197041088899,3.2866097749392944,4.963059080138264,3.89030308242005,3.04293645241087,3.8376975178923876,7.002760197660097,10.27747463382982,1.8677093716513902,13.173475928373234,6.891464426122081,4.183044858851017,1.9717202584208393,2.440374640805078,7.129468734549461,7.180076396221631,4.627417716924978,3.672860454690484,6.5235271970398205,10.953450431646887,12.703363236219213,6.885480912867909,1.9546100010069216,2.6798249255392124,2.5947007781649343,5.971927525099009,4.0365830988907065,6.223643414896496,4.328741509017687,3.441129692768166,9.036597856831968,6.213721838002806,8.966252521284428,10.624997291190002,15.414916842343178,5.7292585254562685,5.836986690765035,5.106463985170117,6.162797216256633,6.581913885048468,5.38260957765523,14.144650568246465,3.675834696700017,3.814147673077763,5.302830297012498,9.595480358694525,6.151737277497188,11.044189753788363,3.479965877410303,3.2001536740431766,3.1347043377887256,8.955894288739602,3.022071235559795,6.999204767306474,4.068107767602334,5.732717346508372,3.9963911710749334,9.12728151258781,3.3992198156825855,8.168996638851047,4.639143062899065,5.424601667238581,5.446949806131662
7,1.5265182250608949,3.988282079888135,9.184938616434222,6.9728128364307524,3.190575275995612,2.665421300419034,3.6566025434371525,-0.0,4.917364097104725,3.080919026368026,1.9914646337057946,4.36524008941734,2.081105561022753,5.815113957739277,4.3172446643670686,6.794230751744367,3.95689458825378,12.666735986085119,9.215434644288317,1.9900092731338184,4.081809384296582,2.9520082386821005,3.3986111421421095,4.291640546879882,2.3829558821161156,4.100769152865047,3.948944649540289,7.591249412294625,9.037930275913649,8.846734362434857,2.8659499816591842,2.8234185311993185,2.905610713503272,3.2552699084799723,4.48670364231561,6.5408401163742065,4.007110982094584,2.6088912129178263,10.290149956982543,4.156177646926236,5.943957929797809,7.854736369904366,13.46332033780401,6.42420908308709,6.770365052023784,6.1503149282998315,10.203014475474045,9.459625424412323,6.4029135871108345,15.577455002667667,3.439770771731128,4.07506595290587,3.3319767409770638,6.26774054000889,3.729280640752425,7.794881345703848,4.227670456594939,4.305115439933144,4.135791094557911,10.552812528763903,4.9209618533762844,8.211172532624964,2.632501117991083,3.3604598610379224,2.541171452208616,6.172125977626264,2.946716108991731,8.945514780065164,3.007462505644058,5.513884060271726,3.670391843218755
8,5.925918179476845,3.281919193297842,4.4733978012645625,3.231846831696235,4.328771561172491,6.163507289429465,4.894197041088899,4.917364097104725,-0.0,5.333017913615135,7.066764781255245,5.478974707252679,4.756815410554032,3.727872180333772,9.821129607021808,12.673025330351729,5.518944472954381,8.960995726105557,4.344424905930097,6.578344070746053,5.037488497338177,4.292874862352803,9.147773836090318,9.425386729365117,7.55150560525878,9.255043416563899,9.109741321626059,12.770798995877072,16.41975574661465,8.03464787093076,4.9085647120525175,6.524736757188753,6.105736531651003,7.645070768606379,7.413088301996316,6.555077591603651,4.74924578757488,5.850993343172819,10.037788156267506,7.7830407820254575,12.082687104268889,13.072909347861907,14.616713468210142,5.4405000415780265,5.3308530383393595,4.282669257540062,4.8587779394434625,4.124109739120197,4.144159203762107,10.732045846622546,5.28572075148252,7.003316776515252,6.984782606442623,11.739055850377875,9.274986053585588,14.719044918745515,5.5241427605659705,4.4910237794298835,3.151476286670813,11.597441505047824,6.715929947805517,4.829759040421158,5.7557515522391105,8.262698263194396,7.261209144474868,12.520936343098688,7.431047367846049,6.415441553666021,7.846821063395326,5.571009099001052,8.357968262195785
9,3.983333490805141,3.5740292286116344,8.938190370749668,5.6881286480601325,2.645789817350256,5.72921479818174,3.2866097749392944,3.080919026368026,5.333017913615135,-0.0,4.577299393524304,1.9458054771130469,3.4009796867564095,3.682288071283006,5.138601269025407,11.301646403130361,3.0084375174403624,5.6337650666492864,6.783730790151492,2.9449455044916437,4.78778780147196,1.9008777769940364,5.806991761393539,7.071599720629001,3.7771151382825976,7.748041834787149,4.59216743618442,10.988692711107332,10.61820134012816,4.810428665324449,2.4686631601236906,2.6584482844837045,4.4435652510691686,3.3994127493917667,3.0413401443674304,6.060890943759403,3.132689823382768,2.881703527463233,9.65175653866927,3.750444268380454,6.64897805195127,9.303501301017645,20.549339167439715,5.297855902064829,5.248202589976579,4.288058746460833,8.757146489370928,7.000412946738387,4.835804466686502,13.330513093740398,2.250891037920238,5.610022217044982,3.7996491765260605,9.324279356049948,6.485451490345832,9.648554820578367,2.3652875248818166,2.8020817438030257,3.6038116529309545,8.357093448126356,3.544744056595165,4.955549046720189,2.295530171950013,5.411237834728144,4.532123353728514,7.92599034811112,4.728801532239014,8.07786330046183,3.6050364900092258,6.4862844954893415,4.724319928192453
10,1.8595317922554204,4.977171145249345,10.321152166799486,9.93139842729898,4.561182359999489,1.6146544559253893,4.963059080138264,1.9914646337057946,7.066764781255245,4.577299393524304,-0.0,5.853605533188785,1.9646180197847973,8.096301618624627,3.9934609934021728,5.8144999714590675,5.328644453586404,13.929055226160502,12.031983194869465,1.4436969984437023,5.641304459204764,3.828535301551454,2.2321253491647495,3.224224941861619,2.7128698451644304,2.9488857554988415,4.0782545815263935,7.290433877238199,7.8456874647000845,11.628602177118024,3.7342877141749455,3.5097614194260838,2.9125616339051112,3.7786174510954775,5.664051022679887,8.542366700015778,5.241360989916456,2.4669419648569586,11.63767112457417,4.148647541502005,4.795732876152829,7.598501291963725,14.386565367224788,8.83105549340191,9.551774437928836,8.576761106052137,9.87914500492189,10.877648731082067,7.29286475488504,17.252060333451098,4.082489171411107,4.312809314828732,3.8273897560025265,6.8476885419781395,3.779169819513179,7.68075306176869,5.374859342922576,5.203791498296522,5.508711459135608,11.15831181833373,5.7960369227626085,10.841904656986467,3.3367355440005007,3.0995599647147607,2.4730984149700372,5.904077951018189,2.639642686076017,11.451943706053143,3.086706337428376,7.08003249203749,3.4269443791180785
11,5.222576771142129,2.88711880736878,7.52765583023787,4.4322100026430835,2.9231110202005977,7.097129591444704,3.89030308242005,4.36524008941734,5.478974707252679,1.9458054771130469,5.853605533188785,-0.0,4.46672394868032,2.557420169904202,6.493528208855888,12.263780816923257,1.857956604141357,4.325762872498,5.5338387616567335,3.8067217151638264,5.516673984086306,1.7782673825028779,7.262927801012943,8.27368981958506,5.397417519129619,9.395007326415778,5.604921863962614,11.815876061488458,12.448474094544165,3.3392425999414663,2.7304966352691666,2.996964004998872,5.100621950002871,4.373728010988733,2.0039340309001568,4.25940639663157,2.6873290908400396,3.3300547372963925,7.2958486768986255,4.006425930382807,7.478154858825792,9.855161027656239,17.799572973120707,3.4681991555777345,3.896188316660125,2.6828553821879138,6.744986395277847,4.869383985954899,3.2760842089028435,10.850677935350319,1.8261664970289664,5.702541443031048,4.712777326052474,10.581229404121327,7.433665488753981,11.7546537095413,2.654879481321008,2.3010455997455934,2.597260046415719,8.736551760820483,3.5688041694174695,3.995345972874053,2.9886889876288585,6.862676964847678,5.389520126877553,9.9421187803943,6.024177042186658,6.355179909818814,5.623751688347068,4.548764222155922,6.509860623298497
12,1.4892342547963149,3.241498016828913,8.562302978617803,7.01213238808695,3.302284319990806,2.4964504727889874,3.04293645241087,2.081105561022753,4.756815410554032,3.4009796867564095,1.9646180197847973,4.46672394868032,-0.0,5.922397710283473,4.752007062897679,7.058606452023184,3.514781502829434,13.303371943913547,9.118334607987014,2.1572454099459066,4.108714963315419,2.2190047947469624,3.8633325638796605,4.641616741315197,2.849899666747913,3.835156173650395,4.580464499656886,8.20359571824785,10.656003650730455,9.223101241517307,2.351118786006142,2.395373387178457,2.912018720201042,4.42409433589585,4.27770054525182,6.611751580578914,3.5310472239419246,2.7665036256466142,7.647545678003789,4.006501308058964,6.702076098894593,9.118963482193152,14.979561224875493,6.704662779004372,7.0154742220710276,6.358525218917235,9.483725657587534,9.497808697210946,6.4073495326779915,15.989865490510798,3.2166247635481446,4.1189783906744095,3.296936317832836,7.755053021215861,3.7456537331525537,10.051702135445266,4.334150585195596,3.9147222537624815,4.035361765247505,10.779876796101709,4.175383051877167,8.487905429518392,2.506510670544908,3.9393247802249385,2.2073359148354843,7.921870437242346,2.880014206354478,8.923031709520474,4.039722563735903,5.63789321639077,4.537047987954583
13,7.011417213786909,4.357194928374731,4.605448901155375,3.3855921421856547,5.055708201744024,8.299965856573355,3.8376975178923876,5.815113957739277,3.727872180333772,3.682288071283006,8.096301618624627,2.557420169904202,5.922397710283473,-0.0,9.835984148711649,15.249689589546696,1.517327685864283,4.947935532493126,3.372384390921715,6.371243327361416,5.522367508844602,3.0759867180063174,9.952200193500037,11.056521558188303,7.547461658600858,8.222384888497805,9.190071685542279,15.217354151473177,11.80652119114999,2.976242650217776,3.425928578048685,3.765222073915121,6.878045490412303,7.242080519554596,3.5140368986545454,5.320081746135967,4.597579087432353,5.15041531562596,7.207931507298374,6.494157161443961,9.818433432697036,11.94063169149976,19.696903044951434,3.9219318234101226,4.113363194461708,3.151738333767127,3.094293868722925,4.300336905115499,3.1130081273431833,10.521311083040503,3.6834742975928143,6.038340265420707,8.710015467542195,12.88254007299082,11.005091510131958,10.207194405795509,3.5012754953820937,3.180507057979851,3.1866784390467826,10.024504914025714,3.0281756718322836,3.462896548503777,6.279594310665162,8.810740096816025,8.374022649484033,9.064306052131224,6.193902802770012,7.143952655732656,4.752342451296103,6.196695809149712,5.772591844485263
14,4.1181857969543945,7.660378333035856,16.623500978323687,12.085668234982434,5.482534097458955,4.419582853788866,7.002760197660097,4.3172446643670686,9.821129607021808,5.138601269025407,3.9934609934021728,6.493528208855888,4.752007062897679,9.835984148711649,-0.0,4.130560156527564,8.176796465448463,16.053538360273123,14.315080061011672,3.06174536406601,9.197113886968832,6.421701799839558,2.226344165131342,1.89561667721359,2.6293001329043553,7.765686165039138,1.5072933745035166,4.802024759016907,5.363934837962999,10.779771289623254,5.886564070673111,5.55640307500127,4.833416009900551,2.5538031324400308,5.570683661678723,8.130854118296394,7.260357129592854,4.090214720337809,14.095072938905004,5.2217589506946425,2.810305380687894,4.883871768488316,16.70135213672386,9.039099602360904,9.469080503074464,7.842138528840006,17.42381924965745,13.693385727891323,11.316381168213915,20.006864416226897,6.461725232434834,7.519610105518336,2.760726208943583,4.052696869302955,1.9863026771841348,5.033702490623125,7.101866840678149,7.549169865097175,7.554865329474692,11.62745583636937,8.841918161664683,10.657561718127216,4.057088144159392,3.2899213672670973,3.6623707840140227,4.079459337449271,6.10591659578286,10.780654712104097,6.2633924412016055,8.746984600854896,5.07830057780718
15,6.848794470825478,10.7842480478646,18.576826821397738,15.884332533055296,9.150752275593481,6.029629552326823,10.27747463382982,6.794230751744367,12.673025330351729,11.301646403130361,5.8144999714590675,12.263780816923257,7.058606452023184,15.249689589546696,4.130560156527564,-0.0,9.985880274351993,23.487125319196075,20.332551229467395,6.053920979142248,12.292397226462459,8.969972502272551,3.8674571612381263,3.056471749740724,5.926778117966806,9.613160857345923,4.819340828690326,1.5353133115910784,2.833720963477078,17.371519788030056,8.700895243946102,8.147309917952043,8.02809144218531,7.040162225085469,10.617742824767879,13.414186400313318,11.126307315176136,8.014436241373419,19.498097432736838,8.782398082889761,4.255483217464477,3.2411647298948014,19.2358509384448,14.49386961814146,14.684590644691312,13.300155049298118,19.09700545241945,17.42523300489669,15.032700754804809,24.66050220001397,9.686921020215099,10.430476831638515,6.113717901563559,3.6000130164284854,3.9175287611162437,5.073979726282874,12.533600056573981,11.392855317926838,11.257144936152436,15.199442697751667,13.7302884230995,17.628454528878287,8.6032619745967,5.320631637111804,6.6246750380684,5.281911227603479,9.307423171111067,16.940355596650136,10.263837439246686,13.489145131513467,8.466111095197551
16,4.654816086273082,2.8807632131219103,5.346460826264396,3.7599716666484726,3.9541983661813425,4.98531138795244,1.8677093716513902,3.95689458825378,5.518944472954381,3.0084375174403624,5.328644453586404,1.857956604141357,3.514781502829434,1.517327685864283,8.176796465448463,9.985880274351993,-0.0,9.715026265082122,4.863058918693405,4.351132931913544,3.7655133461263754,2.2217161860054837,6.494614596271885,7.186647293789398,4.891619095592889,5.500765663880642,7.811668500071048,11.650381137263622,13.90795657496574,3.675956743739704,1.771029555761384,2.34510841030848,4.121510258593867,6.97153424137353,3.300761324426877,4.4481365278037215,4.051790645937316,5.016414110977111,8.190672630262462,5.637011037832614,9.600401882550193,12.255470240988231,11.828400299345255,3.5886732010083753,4.103574771521747,3.070992598426161,4.320431381771156,4.577956467937101,3.328269330265434,11.671721704462968,3.19102006885857,5.829310612260027,6.399836626144488,11.622483254465608,6.9949946225240405,14.61352463359759,2.702326608330651,2.5533631899592715,2.6420134818179664,9.308660927497396,4.6392877696702275,4.597291384551354,5.033751123361729,7.345078911693328,5.197373794990068,12.47648274702428,5.971071977735925,6.699785517386611,7.2708241223822405,4.048499062924066,8.604586369094067
17,13.252193856644517,10.250673030511836,11.338855113264072,5.51344468938704,8.936006997197719,15.837545492744903,13.173475928373234,12.666735986085119,8.960995726105557,5.6337650666492864,13.929055226160502,4.325762872498,13.303371943913547,4.947935532493126,16.053538360273123,23.487125319196075,9.715026265082122,-0.0,5.0197704265155885,12.136244609738412,12.881178256031891,9.374404918736236,15.667300572921441,16.927834433140085,16.791516174701943,21.98940365074027,15.358488418336487,22.063706158969637,19.60222505680837,8.120593466107579,13.365152744526476,13.246052791985063,12.863382571236201,12.765787546227507,7.722673569062133,7.410809317807475,8.676549215902261,11.717130796153036,9.7206030232554,9.434810666308639,15.071677662767511,20.117477734594818,28.53008864421567,5.9236003320667905,6.213877320292246,6.456077415109944,8.18993911361751,7.567497139763596,4.955328781951434,11.149872594068173,8.488807693296957,8.005068003497028,14.73555803456299,23.240136402946554,16.19867502477585,19.777685255373797,4.623442876764607,5.305632518374138,7.318354260392984,9.948212964872386,5.698144714784131,4.417595319005728,10.722915186073362,16.94975649928803,13.207445041684661,18.601778360850783,12.4548353816672,7.7596632470032105,12.184302080205361,9.929278727109748,14.353602252017925
18,10.21545012314313,6.0632118187680515,4.1305340273848445,2.4582163442670075,7.785636981345898,11.828853225914022,6.891464426122081,9.215434644288317,4.344424905930097,6.783730790151492,12.031983194869465,5.5338387616567335,9.118334607987014,3.372384390921715,14.315080061011672,20.332551229467395,4.863058918693405,5.0197704265155885,-0.0,10.07704424331923,7.8709293981728505,5.7344005688862785,14.793456343146206,15.672068074258688,12.06470178439907,12.265421740328467,13.631011965377558,19.945960524556973,16.417809897878836,5.519110616564044,6.894492806353543,7.378112425728837,10.401428532036508,11.189812818325462,6.506140954247943,4.379679916633104,7.2024374775674245,8.879402066014283,6.974030842799407,10.290336534111308,14.513467441307018,16.513232653603268,19.864496793135714,2.979371294793884,2.387979126739908,3.342476061478573,3.3697895151076134,4.605646882214635,4.633011647214571,7.39955257811645,7.1454993210059765,8.270417117690533,12.947721442567495,16.995019678305802,15.354351585842869,12.190855816938715,6.305039598177461,4.815920706343917,5.185416223961933,9.813091212878765,4.305458299353421,2.692715616114687,9.719281544963462,12.551583214029181,12.025065044662167,11.098078284882815,8.221258299597006,4.144287764142544,6.934948556296498,6.8327104512152,7.659522998425713
19,2.026880371710898,4.402327630326982,10.864248592859251,7.95052015307394,3.163290954142439,2.86167831566512,4.183044858851017,1.9900092731338184,6.578344070746053,2.9449455044916437,1.4436969984437023,3.8067217151638264,2.1572454099459066,6.371243327361416,3.06174536406601,6.053920979142248,4.351132931913544,12.136244609738412,10.07704424331923,-0.0,5.442388835486604,3.1437023957055463,2.5436716327721176,3.5090315244197763,1.668239325198773,5.00467415619469,2.750371423659326,6.847638922795807,8.65811271521475,8.105846504210403,2.715356454705767,2.5297658718906653,2.882043312443787,2.1003922110031144,3.7005186835018935,6.043544916233443,4.092763238707323,2.2184650334085947,10.620111678899288,2.7260931619042257,4.621233541298831,7.0558370416299665,12.5621190336207,6.421643643391803,6.893558702330151,5.803668729311992,10.715896223792077,8.954779918457737,6.454791576478887,14.893757276710378,2.863597319140808,5.248020250254218,2.2545679962244494,5.91038527175429,3.1308620940217855,7.438771087568919,4.57065520487112,4.426824828407046,4.682817388254163,9.49587791062806,5.481260923123366,8.119817760530898,2.2072383197179692,3.29621957708507,2.420993982373492,5.84679102660377,3.5828463277724856,8.69811287016436,3.621062860284902,5.204869182855144,3.868232005377347
20,4.523279939074439,3.923999745492565,4.344924268765749,6.592643056461397,6.173376359359877,4.4989629015549175,1.9717202584208393,4.081809384296582,5.037488497338177,4.78778780147196,5.641304459204764,5.516673984086306,4.108714963315419,5.522367508844602,9.197113886968832,12.292397226462459,3.7655133461263754,12.881178256031891,7.8709293981728505,5.442388835486604,-0.0,3.9788040229421946,8.400980521650268,8.708165294360649,6.360396850404941,3.447866113323012,8.743129049890946,12.705059638104382,11.546531730247375,10.27604115058656,3.5376539842269783,3.8807825408156797,3.4615622762932348,7.7034481650512685,5.843209623444411,7.948493265868502,5.70256116002437,4.5973414753637964,11.749965294081807,7.368436730070252,10.156324048764425,11.712177882494826,14.188519654868657,6.920275386333666,7.476612797351094,7.274982329083322,7.174388551335321,9.767176362629051,6.44664749800146,16.695076156910222,5.0600090680750425,2.6094195668191023,8.114365578160982,10.788214088413651,8.382065216454187,8.494258499329085,4.022645874821648,3.973321312837505,3.526079644916351,10.703322089583828,3.6630622413452785,8.562279816417245,6.144945422003398,6.842869273959253,5.740502520752074,7.553447497527432,2.7793342317739924,9.676337847978113,4.014570099065691,6.013586845903864,4.577116731973632
21,3.031410818738923,1.8764443306764627,7.068789756962097,4.456907918927111,1.8927362612044494,3.798090215485045,2.440374640805078,2.9520082386821005,4.292874862352803,1.9008777769940364,3.828535301551454,1.7782673825028779,2.2190047947469624,3.0759867180063174,6.421701799839558,8.969972502272551,2.2217161860054837,9.374404918736236,5.7344005688862785,3.1437023957055463,3.9788040229421946,-0.0,5.52256906935538,6.177852070815747,4.03857882580631,5.881914311792068,6.0805658215068865,9.886935718046512,12.949147525418697,4.628033149165712,1.7532583150141663,2.2135680774197404,3.7858128256711345,5.292510349859579,2.6075558902321396,3.561114228449955,2.1710733762204537,3.9750167666176264,7.98331271967979,4.071600266441397,8.298955526221128,10.728404335771556,13.5227865230859,3.547009471866138,3.796958087160521,3.0308456150287513,6.894686649194377,5.408830225034254,3.4884976636602336,12.080138384773418,2.08544408046245,5.664190955770688,4.521679447975443,9.060141361381689,5.4593157949560105,12.04225349616378,2.9560346209320723,1.897939930846659,2.5144296385584703,8.028722080482261,3.9429682585065455,4.9370869888301945,3.0607038302686176,5.344358854098605,3.6543300153918077,9.966546092980563,4.5009279033877085,5.790072973963958,5.526744393185349,3.765516064018994,6.55575925128489
22,3.6078219274953782,7.188033666934633,13.864553383562674,11.405074892670678,5.261041710725454,2.8968197514720035,7.129468734549461,3.3986111421421095,9.147773836090318,5.806991761393539,2.2321253491647495,7.262927801012943,3.8633325638796605,9.952200193500037,2.226344165131342,3.8674571612381263,6.494614596271885,15.667300572921441,14.793456343146206,2.5436716327721176,8.400980521650268,5.52256906935538,-0.0,1.4791597171065973,1.8986345474063948,5.452544271926608,2.0068734306565448,5.15192423910062,6.56189955002264,11.434775751166372,5.110238925653928,4.879285684749311,4.8571900426596555,3.1205558785852396,6.492430569254099,9.434683384815331,6.217804860786671,4.0020937324333925,15.557247860923917,4.471687268277011,3.4883136999023563,5.888254994233528,16.191651351896077,10.188350673817968,10.652546079400896,9.310140495491892,12.655797453559561,11.689443317469198,9.360315826634546,19.17734250209224,5.02959049152174,6.454597233789776,2.8014042012883063,5.295024827937768,1.7420001550263737,7.229444958199781,7.266295884367542,7.329367552628287,7.622615901035371,11.929847596764379,8.458892834351907,12.292062908669967,4.2017140832334405,2.9837605554752185,3.2292159468104753,5.712323151575636,5.299573527617088,12.862286322418724,5.673135992500753,9.328633165648224,5.145219151114189
23,4.195260115209744,7.730931306970499,14.787672436601992,11.861796377021,6.371552865711551,3.5871107612053774,7.180076396221631,4.291640546879882,9.425386729365117,7.071599720629001,3.224224941861619,8.27368981958506,4.641616741315197,11.056521558188303,1.89561667721359,3.056471749740724,7.186647293789398,16.927834433140085,15.672068074258688,3.5090315244197763,8.708165294360649,6.177852070815747,1.4791597171065973,-0.0,2.9113829768630017,6.231904644188861,2.139436875763017,4.003389650409369,5.192096044507963,13.553175927417792,5.8973860160671565,5.5479244788140445,5.062180736259116,3.972319124172235,7.546430909328302,10.611422339024132,7.941153691297833,4.846228977056366,16.122315551465018,5.754190555846744,3.098473027604091,5.0482058372640255,19.04695425709988,11.167733850148306,11.468735744968647,10.31992095485323,14.932192760592379,13.977667631828565,11.056992106109831,21.20608165701917,6.455046993746339,7.0493071450244225,3.6786081588943773,4.518668852568633,2.086637821733894,6.108090059997358,8.264337268387273,7.94296508498382,8.257600009548423,11.849469022130021,9.324545629995919,13.218140081342437,5.328901575328808,3.5561150384205242,4.141046528723703,4.974652948535774,5.951824599714009,13.64113322068363,6.889499407416516,10.896137133108484,5.462431662925814
24,2.4967217380807973,5.374321440107343,13.160632513498486,8.71196741301928,4.142320053602878,3.4295710253886003,4.627417716924978,2.3829558821161156,7.55150560525878,3.7771151382825976,2.7128698451644304,5.397417519129619,2.849899666747913,7.547461658600858,2.6293001329043553,5.926778117966806,4.891619095592889,16.791516174701943,12.06470178439907,1.668239325198773,6.360396850404941,4.03857882580631,1.8986345474063948,2.9113829768630017,-0.0,5.891524153765978,2.3322427457775734,7.261628826932717,7.688140964184005,7.2093405700145174,3.313975680514712,3.15012943821926,3.32183528276461,2.2805414107437643,4.536929463536061,7.595816935074963,5.63344054215784,2.816000143986598,12.48494860393718,4.502072266315611,4.2453808147145855,6.601226856524646,14.649683232421227,8.074175751486088,8.020463888982734,6.39588507291876,13.983631065174487,10.86796596412579,9.749751570171606,18.430187562955204,5.069672186823965,5.790017763521404,2.584945794564293,6.0436547043115105,3.230958510150352,7.671523999577175,5.676715019753235,6.017769624009035,5.944465967251573,10.297527615858142,6.792566680317185,9.624699314016087,3.3814123127317157,3.4493010402846207,3.1189238243578017,5.993099442636498,4.684691405008291,10.5372053862411,4.624127161305335,7.150755964078032,4.36206226035208
25,4.023679347663192,6.8571171615060535,6.977495417357912,10.911119972326857,8.12837521751241,2.3727526983664466,3.672860454690484,4.100769152865047,9.255043416563899,7.748041834787149,2.9488857554988415,9.395007326415778,3.835156173650395,8.222384888497805,7.765686165039138,9.613160857345923,5.500765663880642,21.98940365074027,12.265421740328467,5.00467415619469,3.447866113323012,5.881914311792068,5.452544271926608,6.231904644188861,5.891524153765978,-0.0,8.031284467641468,11.144830051624977,7.879463115019144,11.21604330947181,3.6717236144023437,3.5988142988768526,3.420914665525822,7.37719006649954,7.528493367340843,11.862690450469746,7.456283617415765,4.723861784397848,12.086534808066208,7.391472439172824,7.3409809503517325,9.756151636282125,16.990750635469706,11.334947094720077,11.851462075921804,10.19965464222672,7.271420477631235,10.172032261250557,10.078871426595112,21.486114591421607,6.566801471573482,3.336800937571594,8.263445241974994,9.807033327571432,7.432398178204505,7.408774746346811,8.431382221474822,8.415382601097262,7.684484999690796,12.93816227277591,6.460060078964014,13.809383826443261,7.577275613215771,5.482004197940536,5.694753400680074,6.124332502580008,2.6883518940517916,14.573065254934528,4.916401416801824,9.874594654703019,3.7890379025855534
26,3.650869740965046,7.196359279586453,16.428727492386365,11.280198040671689,5.197011934830358,4.669509679777696,6.5235271970398205,3.948944649540289,9.109741321626059,4.59216743618442,4.0782545815263935,5.604921863962614,4.580464499656886,9.190071685542279,1.5072933745035166,4.819340828690326,7.811668500071048,15.358488418336487,13.631011965377558,2.750371423659326,8.743129049890946,6.0805658215068865,2.0068734306565448,2.139436875763017,2.3322427457775734,8.031284467641468,-0.0,5.2052481233372765,5.674652784124784,9.417578258217826,5.3165258871523005,4.937311754307827,4.150572499886773,1.8802697855493777,4.729751909290338,7.587024441375126,6.928590762209004,3.2509615679564994,13.884347432419375,5.195012599647059,2.434810432927319,4.1988039918935405,15.0603073199,8.39814663978465,8.750794181061893,7.286920516587145,17.577197017054534,13.502679491268742,11.406458617334373,19.48282965578239,6.496596185369961,6.754280340778082,2.216459139796417,4.095422435488456,2.048941892707829,5.064582571638347,6.43599866346505,7.297604850507412,6.6890098252294035,13.515961216898464,8.215004699050239,9.724421730682495,3.6566139348605535,3.2031038260874953,3.3536400127932806,4.071476287002243,5.912730981047561,10.27031120636912,5.784286101901517,7.535317431467855,4.672100817514872
27,7.527921026463238,11.416180124829557,19.84390091215244,16.175595889271523,9.775623689492972,7.292126743938363,10.953450431646887,7.591249412294625,12.770798995877072,10.988692711107332,7.290433877238199,11.815876061488458,8.20359571824785,15.217354151473177,4.802024759016907,1.5353133115910784,11.650381137263622,22.063706158969637,19.945960524556973,6.847638922795807,12.705059638104382,9.886935718046512,5.15192423910062,4.003389650409369,7.261628826932717,11.144830051624977,5.2052481233372765,-0.0,2.59723892199675,18.710850327153672,10.241495838566678,9.567621102250492,8.253974235502245,7.279743471618972,10.498008206718119,13.226851345817115,12.034720406762629,8.006700588438958,20.9170508023366,9.622429673869666,4.439758406034219,2.7416743748293246,22.56301154219005,14.15972527228444,14.501386767201687,13.201685321308728,22.1993698207961,19.918376838026372,15.993888098948867,25.691494079392317,10.627009738469564,10.64772616474473,6.658476645461909,4.046768641630487,4.817613693874409,5.272532031483025,12.114329206757485,11.622866648745774,11.392258088450864,15.943453344555016,13.755301375924375,16.678173457960447,8.85702650353609,6.014977324692397,7.2583532937160875,5.948155948658275,10.010330724257253,16.318290272737325,11.420673971308329,14.544070828647602,8.967559022427443
28,9.564205827514892,14.722079429600674,17.661364055621874,18.104372444340328,11.712458083826252,8.162602772875111,12.703363236219213,9.037930275913649,16.41975574661465,10.61820134012816,7.8456874647000845,12.448474094544165,10.656003650730455,11.80652119114999,5.363934837962999,2.833720963477078,13.90795657496574,19.60222505680837,16.417809897878836,8.65811271521475,11.546531730247375,12.949147525418697,6.56189955002264,5.192096044507963,7.688140964184005,7.879463115019144,5.674652784124784,2.59723892199675,-0.0,15.382848598930389,11.758621696854798,11.316038280337528,9.668265881045619,7.422589686747591,10.398659124624222,13.985124194319294,11.648901506782087,7.849798068451529,18.490191638417283,9.178769379415678,3.807775618882215,1.6657295696571333,10.582591691455914,12.849197136657095,15.042380863911506,13.350688233012677,17.421286976842207,16.574490752233515,11.848015875187471,22.818325811720147,9.557806059451135,8.99509856304674,7.886443004004114,4.479081418246547,5.908069229758062,5.0561127770709815,12.23323446950069,14.164881994602883,11.860837241789767,19.03534638713097,11.619172501210556,16.939008294728307,9.079870802423791,6.069546149686506,8.378486859295348,5.836775146943813,8.719647659750985,17.633461214517215,8.326547348876227,11.066290678998133,8.415432062266358
29,10.773424767945269,6.475951040453476,8.440463140024502,4.724767832937007,5.381285750032869,12.4563047930595,6.885480912867909,8.846734362434857,8.03464787093076,4.810428665324449,11.628602177118024,3.3392425999414663,9.223101241517307,2.976242650217776,10.779771289623254,17.371519788030056,3.675956743739704,8.120593466107579,5.519110616564044,8.105846504210403,10.27604115058656,4.628033149165712,11.434775751166372,13.553175927417792,7.2093405700145174,11.21604330947181,9.417578258217826,18.710850327153672,15.382848598930389,-0.0,4.766353292034054,4.898697371855447,10.879023242538272,6.890876150540103,2.9334673305580794,4.508430673175211,5.025571298079892,6.876026906970982,7.807319310741433,6.2043683408212145,10.404874174036161,13.950782126322279,13.983347738611547,3.602649469393548,4.407861701337698,2.85840556009689,5.559119838860282,4.315413636518404,3.570571135318967,10.356884577885742,4.667448107724854,11.433562006881312,8.820369106586146,16.630104122574284,13.84675232273503,17.490411339901353,6.367197659808758,5.0730302340229265,5.195317250827769,12.042076235179872,6.404415076599932,4.277169792186978,6.475063150237362,12.009743938494829,11.690162531641489,15.310978436329234,11.802388471107156,7.490144360369784,9.027441147764828,4.877008907478504,10.772318448341759
30,3.3934462010605406,2.835747689580778,7.311139047154293,5.540735582705694,3.1748010428560955,3.830949006268604,1.9546100010069216,2.8659499816591842,4.9085647120525175,2.4686631601236906,3.7342877141749455,2.7304966352691666,2.351118786006142,3.425928578048685,5.886564070673111,8.700895243946102,1.771029555761384,13.365152744526476,6.894492806353543,2.715356454705767,3.5376539842269783,1.7532583150141663,5.110238925653928,5.8973860160671565,3.313975680514712,3.6717236144023437,5.3165258871523005,10.241495838566678,11.758621696854798,4.766353292034054,-0.0,1.022759324666297,3.163917873534263,4.357003217862027,2.622870101442083,5.239461202630509,3.2377953461705227,2.6631230837145083,8.341422333997555,3.7978018630966206,7.10306079151734,9.583732225396039,12.70449598020328,5.147082170392272,5.557417531454399,3.969353610112846,6.761476691668294,5.4797833886027245,4.628036821000586,13.305812757092562,1.6923436231492546,5.017282556444083,4.364666269759531,9.13568491754537,5.745071523953183,11.372457521305574,3.6764299265224274,3.3527574868555856,3.22520358633927,9.186393235296288,3.6851014698215883,6.6507543168456005,3.2408863343433243,5.483941270174138,4.045959575084036,9.338032824353807,4.279023621359596,7.863456598862723,4.736578026506446,4.228537702336953,5.760839169036445
31,3.031104451727432,3.6353519694129535,7.713554338810513,6.0146521852981785,3.667565668355089,3.6677058566223666,2.6798249255392124,2.8234185311993185,6.524736757188753,2.6584482844837045,3.5097614194260838,2.996964004998872,2.395373387178457,3.765222073915121,5.55640307500127,8.147309917952043,2.34510841030848,13.246052791985063,7.378112425728837,2.5297658718906653,3.8807825408156797,2.2135680774197404,4.879285684749311,5.5479244788140445,3.15012943821926,3.5988142988768526,4.937311754307827,9.567621102250492,11.316038280337528,4.898697371855447,1.022759324666297,-0.0,3.0858205481350254,4.13270815169737,2.346479198843293,5.370409440099538,3.6025306858290764,2.689802070136347,8.323023994392713,3.332975331871528,6.5288825718135,8.990688226390805,12.623863944811184,5.3910912731027585,5.8648561638524574,4.259314377006909,7.201633652802164,5.959967514812636,4.729086092399278,13.412581499001842,1.6822531614870782,4.8636942489686135,4.248092731120991,8.757312509626109,5.321807817365854,11.030375632641924,4.1609761189859436,3.932632273485816,3.8036849355768507,11.842051767520811,4.166643733723265,7.160232739658057,3.4711510960301206,5.255353321012119,3.9754058533898213,9.053672833862977,4.337612205507727,8.220591013327475,4.867799186832981,4.620813965793634,5.7616569763248915
32,3.144202685901906,4.096898522119296,9.504439461281654,7.304378282806541,5.412102121888341,3.128313973402023,2.5947007781649343,2.905610713503272,6.105736531651003,4.4435652510691686,2.9125616339051112,5.100621950002871,2.912018720201042,6.878045490412303,4.833416009900551,8.02809144218531,4.121510258593867,12.863382571236201,10.401428532036508,2.882043312443787,3.4615622762932348,3.7858128256711345,4.8571900426596555,5.062180736259116,3.32183528276461,3.420914665525822,4.150572499886773,8.253974235502245,9.668265881045619,10.879023242538272,3.163917873534263,3.0858205481350254,-0.0,4.470081410246435,5.386114880581532,8.253042746976561,5.384838808421224,2.0687910858516823,10.341178207937018,5.514953625968053,6.432342940510774,7.713190391954145,17.1829381336144,7.775372443265456,8.046949111231045,7.651179273320882,11.308923264518569,11.260478569566509,8.043333864734263,17.19227536269565,4.622791504015989,2.38410887372405,3.788516667066635,6.737745873444575,4.084735855712509,7.597760239133194,3.9732469001258592,4.244320345947927,4.203143367317714,11.937900803538197,4.332682097227425,8.915099517238717,3.7104141290709562,3.909450290961151,2.555496857288398,6.115208704811816,2.402729911782216,10.146182065342561,4.028751232652225,7.12938403180929,3.33446952969382
33,3.6609414649188,6.480108774064387,14.472477379127179,10.194347476802985,3.978790359550084,5.032889966527868,5.971927525099009,3.2552699084799723,7.645070768606379,3.3994127493917667,3.7786174510954775,4.373728010988733,4.42409433589585,7.242080519554596,2.5538031324400308,7.040162225085469,6.97153424137353,12.765787546227507,11.189812818325462,2.1003922110031144,7.7034481650512685,5.292510349859579,3.1205558785852396,3.972319124172235,2.2805414107437643,7.37719006649954,1.8802697855493777,7.279743471618972,7.422589686747591,6.890876150540103,4.357003217862027,4.13270815169737,4.470081410246435,-0.0,3.8445579576146045,6.195593181034797,5.258012091569092,2.97097168861946,12.019030997238625,3.4857086803544104,3.779280091579447,5.769389088685268,12.508915708683753,6.79087988766844,7.28351432416922,5.794295782116932,14.56749078257279,10.45931985715364,8.71804340583616,16.689728561519274,4.575732094634279,6.637441967202045,2.045231562389143,5.524141390296087,4.192360913126574,5.787280045323671,5.656999391033395,6.350382066612041,5.825252858523777,13.138494993822375,6.7901723886756695,8.26890972310084,2.792375086155071,3.7105439428677416,4.109631164161861,4.561404728236298,5.18796151115017,8.906089597297898,4.438611968385863,5.8362670932143175,3.9991993370597188
34,5.273262683053367,4.020028518354721,8.97917938752269,6.289961410748931,3.9025104403282502,6.361847522902132,4.0365830988907065,4.48670364231561,7.413088301996316,3.0413401443674304,5.664051022679887,2.0039340309001568,4.27770054525182,3.5140368986545454,5.570683661678723,10.617742824767879,3.300761324426877,7.722673569062133,6.506140954247943,3.7005186835018935,5.843209623444411,2.6075558902321396,6.492430569254099,7.546430909328302,4.536929463536061,7.528493367340843,4.729751909290338,10.498008206718119,10.398659124624222,2.9334673305580794,2.622870101442083,2.346479198843293,5.386114880581532,3.8445579576146045,-0.0,3.4688671670968327,3.352026377785115,3.019820311926492,6.789237347373877,3.4783322469483964,6.109828304008983,7.726054506165135,12.551933199860407,3.8070519517033348,4.677568304538226,3.010908661697378,7.823353243936995,5.488712150444993,4.005390305134602,10.957073471671974,1.9684673538730837,6.375464766451389,4.492237297649305,7.928096596922637,7.310559819066239,9.471217388234718,4.080276856199151,3.6837898582822826,3.797387577595966,13.236434602936578,4.04393097530917,5.3392206817597385,3.31739191561826,5.513555502743515,5.952485635129683,7.681379408756405,5.780833865529549,6.149334750198831,5.061239337795293,4.078181521293155,5.138069148592068
35,7.726340617545005,4.251187730970262,6.475838969956853,4.867926303572407,3.7780501516656306,9.189106721030868,6.223643414896496,6.5408401163742065,6.555077591603651,6.060890943759403,8.542366700015778,4.25940639663157,6.611751580578914,5.320081746135967,8.130854118296394,13.414186400313318,4.4481365278037215,7.410809317807475,4.379679916633104,6.043544916233443,7.948493265868502,3.561114228449955,9.434683384815331,10.611422339024132,7.595816935074963,11.862690450469746,7.587024441375126,13.226851345817115,13.985124194319294,4.508430673175211,5.239461202630509,5.370409440099538,8.253042746976561,6.195593181034797,3.4688671670968327,-0.0,3.426980809398031,5.384899272080542,5.747954716710697,5.629356034998636,8.91299373067002,11.074786197726146,9.757082413340312,1.7824706612583368,2.3191070534876013,1.7400984683041634,5.138630041706425,3.6589992180206323,2.5077562959364528,6.15088366682411,3.89323932039549,10.806566862149898,6.709640890590581,10.492453607776243,10.525991749395603,13.037934628498657,6.920821473933567,3.7951466035820833,4.315827950305411,8.419470875963015,6.597459974722297,4.442420333605141,4.924822905643565,7.774557779199673,8.686340727584938,10.939753411170326,8.931594741790766,3.000669979200495,8.147338558989086,3.6758719531362534,7.873600785060761
36,4.686520022258253,2.7128400939463337,8.407395139032605,6.860886218445846,2.606901544081736,5.887449669708079,4.328741509017687,4.007110982094584,4.74924578757488,3.132689823382768,5.241360989916456,2.6873290908400396,3.5310472239419246,4.597579087432353,7.260357129592854,11.126307315176136,4.051790645937316,8.676549215902261,7.2024374775674245,4.092763238707323,5.70256116002437,2.1710733762204537,6.217804860786671,7.941153691297833,5.63344054215784,7.456283617415765,6.928590762209004,12.034720406762629,11.648901506782087,5.025571298079892,3.2377953461705227,3.6025306858290764,5.384838808421224,5.258012091569092,3.352026377785115,3.426980809398031,-0.0,3.7752566386451263,8.210777494639707,5.07122649055636,8.395844684481657,10.823255268596645,11.711750384249145,3.98331261048567,4.644323836027632,3.624040396976655,6.36741224609999,4.837036718896242,3.5235546209895032,9.888463459519103,2.930426519619571,6.522275631060956,5.763148481311096,8.987879669988109,7.856237345217917,9.666852019920478,3.523072713992192,2.801469191688218,3.1192189650024424,11.52399770538265,3.7271147047251065,5.356304919973253,3.3145074096758793,5.609439274291467,5.6245804218383215,7.759607790616817,4.827176798636664,5.773395538336481,4.167240386947133,3.004666860485652,4.39529919135636
37,2.96999550293563,4.603302226132534,11.282705435885333,8.275014155406065,3.987371811598982,3.3341812840570144,3.441129692768166,2.6088912129178263,5.850993343172819,2.881703527463233,2.4669419648569586,3.3300547372963925,2.7665036256466142,5.15041531562596,4.090214720337809,8.014436241373419,5.016414110977111,11.717130796153036,8.879402066014283,2.2184650334085947,4.5973414753637964,3.9750167666176264,4.0020937324333925,4.846228977056366,2.816000143986598,4.723861784397848,3.2509615679564994,8.006700588438958,7.849798068451529,6.876026906970982,2.6631230837145083,2.689802070136347,2.0687910858516823,2.97097168861946,3.019820311926492,5.384899272080542,3.7752566386451263,-0.0,9.86529249117581,3.822452976006151,5.240714405199798,6.375989600666996,13.40491577798825,5.39355877140397,6.16761756165368,4.700037250974099,11.506423278507283,8.940602308690076,6.747339529745825,14.534902288687007,3.2311674365842102,3.5540316183638647,2.6943301265042265,5.446494874224455,4.078236655010533,6.046340457329132,3.4754639213369822,4.77101177201145,3.762853515463645,13.117884197247768,4.114087752735538,6.81235779287118,2.4151975099579746,3.19582153809698,2.539849968380607,4.743419688026069,2.7639840739434867,7.597695868464616,2.8692659053434286,5.070106583567445,2.606364668160273
38,9.43400486741726,8.13142555765812,9.057483984136445,9.620766324423244,8.89897186787952,13.646424863116565,9.036597856831968,10.290149956982543,10.037788156267506,9.65175653866927,11.63767112457417,7.2958486768986255,7.647545678003789,7.207931507298374,14.095072938905004,19.498097432736838,8.190672630262462,9.7206030232554,6.974030842799407,10.620111678899288,11.749965294081807,7.98331271967979,15.557247860923917,16.122315551465018,12.48494860393718,12.086534808066208,13.884347432419375,20.9170508023366,18.490191638417283,7.807319310741433,8.341422333997555,8.323023994392713,10.341178207937018,12.019030997238625,6.789237347373877,5.747954716710697,8.210777494639707,9.86529249117581,-0.0,9.559010121546041,15.251074850797275,17.672882872037246,15.874902989343994,5.73375635407159,7.050437383440762,5.859860914959467,9.565586475809853,11.29215571458147,6.145745800446201,10.575325649238287,8.626191255196952,12.313240596843665,11.864539315460442,18.184561120894692,14.848556606268966,17.285300962859587,9.383014617826671,8.583899375316268,10.689239383836076,13.501107266439197,8.356120939975515,8.061039268072157,10.188506330265579,14.582220584959403,11.965647586898319,14.188577167186875,10.635602941527479,7.779383863588862,12.955882087762664,7.324424947344325,9.419134010424314
39,4.389269846016694,5.896480930183097,11.690804950902605,10.092565745686985,3.628524984418492,5.320929381505961,6.213721838002806,4.156177646926236,7.7830407820254575,3.750444268380454,4.148647541502005,4.006425930382807,4.006501308058964,6.494157161443961,5.2217589506946425,8.782398082889761,5.637011037832614,9.434810666308639,10.290336534111308,2.7260931619042257,7.368436730070252,4.071600266441397,4.471687268277011,5.754190555846744,4.502072266315611,7.391472439172824,5.195012599647059,9.622429673869666,9.178769379415678,6.2043683408212145,3.7978018630966206,3.332975331871528,5.514953625968053,3.4857086803544104,3.4783322469483964,5.629356034998636,5.07122649055636,3.822452976006151,9.559010121546041,-0.0,4.521558346177634,8.156015242484282,11.597423852767728,6.682435309447058,8.045889751854926,5.690022052986472,8.701226301189413,6.436944706799542,4.506392383599126,11.409283863198858,2.57624028265145,7.494021739250901,5.228923726656875,8.659331777756286,6.945254114725838,9.582349842496777,6.034345490281632,5.554631249110852,6.237760674883957,12.79132873817983,6.785391651292104,8.867951732714909,4.21633832957572,5.724624650408309,5.909520602782957,7.873292099864011,5.831558685938371,9.346063065335315,5.106438998361245,5.977532790010181,5.763369566699166
40,5.884714978089393,9.884099599811538,17.02156583517094,13.910725391802886,7.208104854529656,5.752863547771799,8.966252521284428,5.943957929797809,12.082687104268889,6.64897805195127,4.795732876152829,7.478154858825792,6.702076098894593,9.818433432697036,2.810305380687894,4.255483217464477,9.600401882550193,15.071677662767511,14.513467441307018,4.621233541298831,10.156324048764425,8.298955526221128,3.4883136999023563,3.098473027604091,4.2453808147145855,7.3409809503517325,2.434810432927319,4.439758406034219,3.807775618882215,10.404874174036161,7.10306079151734,6.5288825718135,6.432342940510774,3.779280091579447,6.109828304008983,8.91299373067002,8.395844684481657,5.240714405199798,15.251074850797275,4.521558346177634,-0.0,2.528947546054955,16.256686623186795,9.71626639813851,11.02594973840932,8.647140232554012,15.48052104102996,11.881098780523129,9.770877305015196,17.429459810811334,6.013985690790027,7.859119137572807,4.565569545812963,5.038357449187024,3.8323718745242488,5.722024239696562,8.806858019257376,9.699933452247326,9.108238274792024,14.794756657604808,9.67062941307323,11.994770762981885,5.9915955116698365,5.083874046845424,5.718127814867404,5.344212988515404,7.233707570199166,12.322696428048149,7.385175884257582,9.953607102770707,6.582525150552889
41,8.132567818783043,11.98975913312326,19.730216282636547,16.188083667236434,9.641767904409312,7.913400908034485,10.624997291190002,7.854736369904366,13.072909347861907,9.303501301017645,7.598501291963725,9.855161027656239,9.118963482193152,11.94063169149976,4.883871768488316,3.2411647298948014,12.255470240988231,20.117477734594818,16.513232653603268,7.0558370416299665,11.712177882494826,10.728404335771556,5.888254994233528,5.0482058372640255,6.601226856524646,9.756151636282125,4.1988039918935405,2.7416743748293246,1.6657295696571333,13.950782126322279,9.583732225396039,8.990688226390805,7.713190391954145,5.769389088685268,7.726054506165135,11.074786197726146,10.823255268596645,6.375989600666996,17.672882872037246,8.156015242484282,2.528947546054955,-0.0,19.237413364875632,11.512627301467504,12.656772631792412,10.431496852693318,20.681386711332046,16.6639176098532,13.887705325623674,22.444969906844694,9.313583365561572,9.180564117772013,6.321253833618207,5.062046262207899,5.312036267781955,5.538223441786188,11.111414829960683,12.07184702708225,10.71855769416619,19.75791381465574,11.404798165882658,13.982744390090543,7.7585727067441566,6.256477926994211,7.551024512703228,6.1514915583678995,9.165634956765343,13.86334372845533,9.829657373132171,12.171679793865474,7.750183406949047
42,14.995968950602968,12.457871139800464,17.012424351663956,17.951964301442725,12.610484199415644,18.29901987797724,15.414916842343178,13.46332033780401,14.616713468210142,20.549339167439715,14.386565367224788,17.799572973120707,14.979561224875493,19.696903044951434,16.70135213672386,19.2358509384448,11.828400299345255,28.53008864421567,19.864496793135714,12.5621190336207,14.188519654868657,13.5227865230859,16.191651351896077,19.04695425709988,14.649683232421227,16.990750635469706,15.0603073199,22.56301154219005,10.582591691455914,13.983347738611547,12.70449598020328,12.623863944811184,17.1829381336144,12.508915708683753,12.551933199860407,9.757082413340312,11.711750384249145,13.40491577798825,15.874902989343994,11.597423852767728,16.256686623186795,19.237413364875632,-0.0,10.273885306547932,11.750685995196271,11.027140158253701,18.903271359225155,13.611124100283744,12.369756618594478,15.4005658704801,12.743412642446588,22.149770158764937,12.539860750053641,20.82717026918709,18.757885380952555,19.184120044022745,21.63608767080908,13.48737182779233,9.247650320757806,17.260523992691564,20.36982133682673,19.586946160856233,12.16992038326696,16.689094626498278,16.502303392898337,19.764121302785696,18.458654870404338,12.41501481782415,7.316615157273824,5.695405358343719,16.74065360013252
43,7.781217344330157,3.942151078532642,5.069114871529683,3.2986777953722166,4.389794874709216,9.259253466099105,5.7292585254562685,6.42420908308709,5.4405000415780265,5.297855902064829,8.83105549340191,3.4681991555777345,6.704662779004372,3.9219318234101226,9.039099602360904,14.49386961814146,3.5886732010083753,5.9236003320667905,2.979371294793884,6.421643643391803,6.920275386333666,3.547009471866138,10.188350673817968,11.167733850148306,8.074175751486088,11.334947094720077,8.39814663978465,14.15972527228444,12.849197136657095,3.602649469393548,5.147082170392272,5.3910912731027585,7.775372443265456,6.79087988766844,3.8070519517033348,1.7824706612583368,3.98331261048567,5.39355877140397,5.73375635407159,6.682435309447058,9.71626639813851,11.512627301467504,10.273885306547932,-0.0,1.4011113488019702,1.1324380596789823,3.375332765270264,1.941363037460839,2.1915853587758214,6.105599244085953,4.149747660676482,9.17254844149922,7.693775917627374,10.890813938745511,10.987953708453372,10.504339568148065,5.717554710516149,3.156186021441107,3.4213218828923098,9.102441093922991,4.9890518955757885,3.0923979665018573,5.550709166646673,8.11584830223981,8.853109894391826,9.012621962981877,7.716848219502877,3.0217941540527207,6.342322788901998,3.1845437992289964,6.264594642769575
44,8.063215342177998,4.058876496481129,4.595888434387876,2.918171842932912,4.7175493275045035,9.549915182672473,5.836986690765035,6.770365052023784,5.3308530383393595,5.248202589976579,9.551774437928836,3.896188316660125,7.0154742220710276,4.113363194461708,9.469080503074464,14.684590644691312,4.103574771521747,6.213877320292246,2.387979126739908,6.893558702330151,7.476612797351094,3.796958087160521,10.652546079400896,11.468735744968647,8.020463888982734,11.851462075921804,8.750794181061893,14.501386767201687,15.042380863911506,4.407861701337698,5.557417531454399,5.8648561638524574,8.046949111231045,7.28351432416922,4.677568304538226,2.3191070534876013,4.644323836027632,6.16761756165368,7.050437383440762,8.045889751854926,11.02594973840932,12.656772631792412,11.750685995196271,1.4011113488019702,-0.0,1.9679003517715767,3.0182847665418833,2.5876278526190837,3.2329185061376844,5.55514865246022,5.13253127628683,10.001696743842494,7.89064226703873,11.128703155267866,10.99695640758661,12.976835365270714,5.6162275839351965,3.240442902960991,3.9516678018168325,7.0663994719389205,5.864703683942378,3.084099384224039,5.62259952468745,8.224175150853883,8.885811687250694,10.943341014970862,8.687214631153225,2.5453288729529193,7.858879160755887,3.550459854607391,7.942798211506453
45,7.599943008270925,4.038499858176361,5.768799150014562,3.5357455447610304,3.709918441303933,8.825037668458567,5.106463985170117,6.1503149282998315,4.282669257540062,4.288058746460833,8.576761106052137,2.6828553821879138,6.358525218917235,3.151738333767127,7.842138528840006,13.300155049298118,3.070992598426161,6.456077415109944,3.342476061478573,5.803668729311992,7.274982329083322,3.0308456150287513,9.310140495491892,10.31992095485323,6.39588507291876,10.19965464222672,7.286920516587145,13.201685321308728,13.350688233012677,2.85840556009689,3.969353610112846,4.259314377006909,7.651179273320882,5.794295782116932,3.010908661697378,1.7400984683041634,3.624040396976655,4.700037250974099,5.859860914959467,5.690022052986472,8.647140232554012,10.431496852693318,11.027140158253701,1.1324380596789823,1.9679003517715767,-0.0,3.6257975507834357,1.691684708730492,1.6062194034577366,6.689485903642495,3.380837017907048,9.485723361258932,6.613064904951055,10.321048682111535,10.413434938521938,12.608389028176399,5.324794943459816,3.189079695411121,3.609261049368891,8.31035851671684,5.395882999926156,3.3792661884230726,4.753926556119081,7.604748107688022,8.5837306357655,10.55918798957544,8.504024717548482,3.757181758871004,7.2296720381334225,3.146116528297775,7.445086510318919
46,11.50085605166331,7.795932785028715,3.6326340317314774,2.702546022852663,8.290853548130208,9.76033881998218,6.162797216256633,10.203014475474045,4.8587779394434625,8.757146489370928,9.87914500492189,6.744986395277847,9.483725657587534,3.094293868722925,17.42381924965745,19.09700545241945,4.320431381771156,8.18993911361751,3.3697895151076134,10.715896223792077,7.174388551335321,6.894686649194377,12.655797453559561,14.932192760592379,13.983631065174487,7.271420477631235,17.577197017054534,22.1993698207961,17.421286976842207,5.559119838860282,6.761476691668294,7.201633652802164,11.308923264518569,14.56749078257279,7.823353243936995,5.138630041706425,6.36741224609999,11.506423278507283,9.565586475809853,8.701226301189413,15.48052104102996,20.681386711332046,18.903271359225155,3.375332765270264,3.0182847665418833,3.6257975507834357,-0.0,2.4416142775988736,3.765892057169376,8.68874276779741,6.008293088840431,8.931569267933925,16.849141078839697,21.105824327920455,17.515827404287645,18.109623445585456,7.830231688704253,6.161506232108483,6.159074963839017,9.257759158150694,6.402144399907476,3.6143562848987263,13.20505164905716,15.334403748290661,14.305429605264777,16.36823233128929,9.063677229006474,5.623916972091632,9.670096020762582,8.911162109401907,11.787794571267858
47,11.375745407831934,6.7167432180681494,6.125213183357412,3.7794992014527944,5.766102682592071,11.236941430104727,6.581913885048468,9.459625424412323,4.124109739120197,7.000412946738387,10.877648731082067,4.869383985954899,9.497808697210946,4.300336905115499,13.693385727891323,17.42523300489669,4.577956467937101,7.567497139763596,4.605646882214635,8.954779918457737,9.767176362629051,5.408830225034254,11.689443317469198,13.977667631828565,10.86796596412579,10.172032261250557,13.502679491268742,19.918376838026372,16.574490752233515,4.315413636518404,5.4797833886027245,5.959967514812636,11.260478569566509,10.45931985715364,5.488712150444993,3.6589992180206323,4.837036718896242,8.940602308690076,11.29215571458147,6.436944706799542,11.881098780523129,16.6639176098532,13.611124100283744,1.941363037460839,2.5876278526190837,1.691684708730492,2.4416142775988736,-0.0,2.402145118517906,6.245756733308711,4.380214514216526,11.80438586940671,13.098892297902529,17.574912372541984,16.124620310667577,16.68428385558981,7.920011123940065,5.303345731472376,5.389088199241023,10.612671919382375,6.427878461066303,3.536672050851419,9.958662095584412,13.207727629844365,13.518271002692195,14.385032768286449,10.82910235755369,5.668564202798266,9.365393512108247,6.366228902206527,10.216414862184237
48,7.660312342886302,4.739427374568329,6.080789715634505,5.090148687146169,4.231527428761444,8.166472228376975,5.38260957765523,6.4029135871108345,4.144159203762107,4.835804466686502,7.29286475488504,3.2760842089028435,6.4073495326779915,3.1130081273431833,11.316381168213915,15.032700754804809,3.328269330265434,4.955328781951434,4.633011647214571,6.454791576478887,6.44664749800146,3.4884976636602336,9.360315826634546,11.056992106109831,9.749751570171606,10.078871426595112,11.406458617334373,15.993888098948867,11.848015875187471,3.570571135318967,4.628036821000586,4.729086092399278,8.043333864734263,8.71804340583616,4.005390305134602,2.5077562959364528,3.5235546209895032,6.747339529745825,6.145745800446201,4.506392383599126,9.770877305015196,13.887705325623674,12.369756618594478,2.1915853587758214,3.2329185061376844,1.6062194034577366,3.765892057169376,2.402145118517906,-0.0,8.052704588189172,2.4564335503103476,8.246497410348683,11.085697479532401,14.04746963363999,12.86235171918823,11.40213429295932,5.371453108123996,3.4213217627107015,3.9691306437247587,7.769439571146705,4.56646080559983,4.530944366834965,7.977931890946286,9.907275174039384,10.26557873981754,10.07402017249438,7.049874644603208,5.0525513096490124,5.9195255270850655,4.667383376330227,6.901387213737682
49,17.35713648125193,12.684298010751961,11.026463030359531,8.34905313411746,11.369978085221268,18.22503538611902,14.144650568246465,15.577455002667667,10.732045846622546,13.330513093740398,17.252060333451098,10.850677935350319,15.989865490510798,10.521311083040503,20.006864416226897,24.66050220001397,11.671721704462968,11.149872594068173,7.39955257811645,14.893757276710378,16.695076156910222,12.080138384773418,19.17734250209224,21.20608165701917,18.430187562955204,21.486114591421607,19.48282965578239,25.691494079392317,22.818325811720147,10.356884577885742,13.305812757092562,13.412581499001842,17.19227536269565,16.689728561519274,10.957073471671974,6.15088366682411,9.888463459519103,14.534902288687007,10.575325649238287,11.409283863198858,17.429459810811334,22.444969906844694,15.4005658704801,6.105599244085953,5.55514865246022,6.689485903642495,8.68874276779741,6.245756733308711,8.052704588189172,-0.0,9.943451440554117,19.38856105676051,18.882651732814306,23.797553769661512,23.087291258777736,25.451445043695887,14.407532445072263,11.414657902725047,10.309907974316543,12.276523434503561,13.316161325907457,7.812225913836674,15.800414005458128,19.119408249968426,19.96308999215077,22.72380537688226,18.792687951084286,4.061550699235928,16.98679126563337,11.263194495108863,17.71605253666316
50,4.19425708218348,3.7106428163945107,8.112923551142101,7.090970295319594,2.710929154104647,4.94672085504973,3.675834696700017,3.439770771731128,5.28572075148252,2.250891037920238,4.082489171411107,1.8261664970289664,3.2166247635481446,3.6834742975928143,6.461725232434834,9.686921020215099,3.19102006885857,8.488807693296957,7.1454993210059765,2.863597319140808,5.0600090680750425,2.08544408046245,5.02959049152174,6.455046993746339,5.069672186823965,6.566801471573482,6.496596185369961,10.627009738469564,9.557806059451135,4.667448107724854,1.6923436231492546,1.6822531614870782,4.622791504015989,4.575732094634279,1.9684673538730837,3.89323932039549,2.930426519619571,3.2311674365842102,8.626191255196952,2.57624028265145,6.013985690790027,9.313583365561572,12.743412642446588,4.149747660676482,5.13253127628683,3.380837017907048,6.008293088840431,4.380214514216526,2.4564335503103476,9.943451440554117,-0.0,6.084623459735165,6.212971723301518,9.160235136017112,7.73883255405793,9.598982046892326,3.7774264218746487,3.3299752557894826,3.7914882043324205,9.381523261036163,4.438143229463517,6.3513346741776475,4.247059238632955,5.842096286021147,5.955960074457526,7.842654179930571,4.8482427598243625,6.941676313254263,4.251317232874231,4.418933057109637,5.007093737955448
51,4.4490151435626215,5.9099260219117244,6.598327799162976,7.613700244429866,7.603829073593543,3.742844103293386,3.814147673077763,4.07506595290587,7.003316776515252,5.610022217044982,4.312809314828732,5.702541443031048,4.1189783906744095,6.038340265420707,7.519610105518336,10.430476831638515,5.829310612260027,8.005068003497028,8.270417117690533,5.248020250254218,2.6094195668191023,5.664190955770688,6.454597233789776,7.0493071450244225,5.790017763521404,3.336800937571594,6.754280340778082,10.64772616474473,8.99509856304674,11.433562006881312,5.017282556444083,4.8636942489686135,2.38410887372405,6.637441967202045,6.375464766451389,10.806566862149898,6.522275631060956,3.5540316183638647,12.313240596843665,7.494021739250901,7.859119137572807,9.180564117772013,22.149770158764937,9.17254844149922,10.001696743842494,9.485723361258932,8.931569267933925,11.80438586940671,8.246497410348683,19.38856105676051,6.084623459735165,-0.0,6.767745526491141,8.73063277590713,6.346306082994973,6.463323042153264,3.40526926423042,5.663618041828613,5.348903055540554,17.154015929348326,3.598099768161007,8.757995120453042,5.768810653513167,5.12856201843113,4.369873195881719,5.8217581435417225,2.9484832406716732,12.226158614412464,5.533270889249945,9.749329718577219,3.277485422844834
52,2.992329904842544,5.266505389401338,15.435731398770551,9.454843437584495,4.017518676728434,4.405493114140775,5.302830297012498,3.3319767409770638,6.984782606442623,3.7996491765260605,3.8273897560025265,4.712777326052474,3.296936317832836,8.710015467542195,2.760726208943583,6.113717901563559,6.399836626144488,14.73555803456299,12.947721442567495,2.2545679962244494,8.114365578160982,4.521679447975443,2.8014042012883063,3.6786081588943773,2.584945794564293,8.263445241974994,2.216459139796417,6.658476645461909,7.886443004004114,8.820369106586146,4.364666269759531,4.248092731120991,3.788516667066635,2.045231562389143,4.492237297649305,6.709640890590581,5.763148481311096,2.6943301265042265,11.864539315460442,5.228923726656875,4.565569545812963,6.321253833618207,12.539860750053641,7.693775917627374,7.89064226703873,6.613064904951055,16.849141078839697,13.098892297902529,11.085697479532401,18.882651732814306,6.212971723301518,6.767745526491141,-0.0,4.77754369962655,2.714818951014585,6.050526062423407,5.204381580854967,5.5109680987939615,5.277296614045134,13.587107903479463,7.291055232005284,8.371356405451772,2.0782921444506184,2.7973893435055386,2.3080090284818424,4.502449488765172,5.451486187295757,9.15915050887835,5.14555439812265,5.515721179479016,3.891771532365028
53,6.595970318798447,10.076255518306532,18.33947159515033,15.511966186138242,7.890706848931983,6.751748622821138,9.595480358694525,6.26774054000889,11.739055850377875,9.324279356049948,6.8476885419781395,10.581229404121327,7.755053021215861,12.88254007299082,4.052696869302955,3.6000130164284854,11.622483254465608,23.240136402946554,16.995019678305802,5.91038527175429,10.788214088413651,9.060141361381689,5.295024827937768,4.518668852568633,6.0436547043115105,9.807033327571432,4.095422435488456,4.046768641630487,4.479081418246547,16.630104122574284,9.13568491754537,8.757312509626109,6.737745873444575,5.524141390296087,7.928096596922637,10.492453607776243,8.987879669988109,5.446494874224455,18.184561120894692,8.659331777756286,5.038357449187024,5.062046262207899,20.82717026918709,10.890813938745511,11.128703155267866,10.321048682111535,21.105824327920455,17.574912372541984,14.04746963363999,23.797553769661512,9.160235136017112,8.73063277590713,4.77754369962655,-0.0,4.013751822075644,1.8970434999787609,10.852691173883786,10.472881914223729,9.057643223894392,15.775338900645234,10.587144970572226,14.427977756124061,6.166848124926976,2.817052467847637,5.309283081262794,2.3988532367388933,7.277844522354831,12.660353538985147,8.07021778787198,11.626922452961942,5.466353222973267
54,3.3922289351756323,6.4063570709011906,15.25160901413618,10.678367511415395,6.387610795349541,3.895048731342326,6.151737277497188,3.729280640752425,9.274986053585588,6.485451490345832,3.779169819513179,7.433665488753981,3.7456537331525537,11.005091510131958,1.9863026771841348,3.9175287611162437,6.9949946225240405,16.19867502477585,15.354351585842869,3.1308620940217855,8.382065216454187,5.4593157949560105,1.7420001550263737,2.086637821733894,3.230958510150352,7.432398178204505,2.048941892707829,4.817613693874409,5.908069229758062,13.84675232273503,5.745071523953183,5.321807817365854,4.084735855712509,4.192360913126574,7.310559819066239,10.525991749395603,7.856237345217917,4.078236655010533,14.848556606268966,6.945254114725838,3.8323718745242488,5.312036267781955,18.757885380952555,10.987953708453372,10.99695640758661,10.413434938521938,17.515827404287645,16.124620310667577,12.86235171918823,23.087291258777736,7.73883255405793,6.346306082994973,2.714818951014585,4.013751822075644,-0.0,5.571363900069519,6.60668390585989,6.680565360067472,6.871483148561744,11.800506010412724,8.467229905822611,11.920227495905786,4.434588306413967,2.195208164304328,2.5020436229003065,4.065930075691629,5.417822268782942,12.989816903191421,6.283658143625075,9.837140981387508,4.345516814348006
55,8.151834493568849,12.460106116672021,14.634314316783216,17.21511541058816,10.80427068167572,7.934675890048139,11.044189753788363,7.794881345703848,14.719044918745515,9.648554820578367,7.68075306176869,11.7546537095413,10.051702135445266,10.207194405795509,5.033702490623125,5.073979726282874,14.61352463359759,19.777685255373797,12.190855816938715,7.438771087568919,8.494258499329085,12.04225349616378,7.229444958199781,6.108090059997358,7.671523999577175,7.408774746346811,5.064582571638347,5.272532031483025,5.0561127770709815,17.490411339901353,11.372457521305574,11.030375632641924,7.597760239133194,5.787280045323671,9.471217388234718,13.037934628498657,9.666852019920478,6.046340457329132,17.285300962859587,9.582349842496777,5.722024239696562,5.538223441786188,19.184120044022745,10.504339568148065,12.976835365270714,12.608389028176399,18.109623445585456,16.68428385558981,11.40213429295932,25.451445043695887,9.598982046892326,6.463323042153264,6.050526062423407,1.8970434999787609,5.571363900069519,-0.0,10.781332183787537,12.309244401379766,10.195369870316554,17.503917046630114,7.2928323421912165,15.278801573074363,7.057636853177691,3.2147594071416377,6.331915476950493,1.5370677163973845,5.196337962827216,13.782915867441766,5.689602662598361,11.821269501134232,3.9329388084179415
56,4.720057496213036,3.5058307953430377,7.556411803974953,4.138430887338368,4.206740924446089,6.336604550901632,3.479965877410303,4.227670456594939,5.5241427605659705,2.3652875248818166,5.374859342922576,2.654879481321008,4.334150585195596,3.5012754953820937,7.101866840678149,12.533600056573981,2.702326608330651,4.623442876764607,6.305039598177461,4.57065520487112,4.022645874821648,2.9560346209320723,7.266295884367542,8.264337268387273,5.676715019753235,8.431382221474822,6.43599866346505,12.114329206757485,12.23323446950069,6.367197659808758,3.6764299265224274,4.1609761189859436,3.9732469001258592,5.656999391033395,4.080276856199151,6.920821473933567,3.523072713992192,3.4754639213369822,9.383014617826671,6.034345490281632,8.806858019257376,11.111414829960683,21.63608767080908,5.717554710516149,5.6162275839351965,5.324794943459816,7.830231688704253,7.920011123940065,5.371453108123996,14.407532445072263,3.7774264218746487,3.40526926423042,5.204381580854967,10.852691173883786,6.60668390585989,10.781332183787537,-0.0,2.418945479540358,2.7437091837277943,9.068379380550752,2.0330090040980084,4.160990632170945,3.3617871121157274,6.460521916243254,3.921942223755919,9.26444946864973,4.225421884437115,8.549027162992884,4.330917301636903,6.535895261445767,5.468727666835144
57,4.601685252446961,1.4271886264594729,6.277353380995063,3.54371245959945,3.210368925284147,5.5202264159627745,3.2001536740431766,4.305115439933144,4.4910237794298835,2.8020817438030257,5.203791498296522,2.3010455997455934,3.9147222537624815,3.180507057979851,7.549169865097175,11.392855317926838,2.5533631899592715,5.305632518374138,4.815920706343917,4.426824828407046,3.973321312837505,1.897939930846659,7.329367552628287,7.94296508498382,6.017769624009035,8.415382601097262,7.297604850507412,11.622866648745774,14.164881994602883,5.0730302340229265,3.3527574868555856,3.932632273485816,4.244320345947927,6.350382066612041,3.6837898582822826,3.7951466035820833,2.801469191688218,4.77101177201145,8.583899375316268,5.554631249110852,9.699933452247326,12.07184702708225,13.48737182779233,3.156186021441107,3.240442902960991,3.189079695411121,6.161506232108483,5.303345731472376,3.4213217627107015,11.414657902725047,3.3299752557894826,5.663618041828613,5.5109680987939615,10.472881914223729,6.680565360067472,12.309244401379766,2.418945479540358,-0.0,2.1409866918293905,8.656806876788373,3.465097241748297,3.5897389482363025,3.617668139421778,6.443790097596285,4.390040684874884,10.41918237124908,4.836049705619544,5.18908069438482,5.7366251118223985,2.9639106566277538,6.898537111983792
58,4.51864725207269,2.037759670388938,6.063588163929252,3.3227241488185864,3.862499229101385,5.617667330675817,3.1347043377887256,4.135791094557911,3.151476286670813,3.6038116529309545,5.508711459135608,2.597260046415719,4.035361765247505,3.1866784390467826,7.554865329474692,11.257144936152436,2.6420134818179664,7.318354260392984,5.185416223961933,4.682817388254163,3.526079644916351,2.5144296385584703,7.622615901035371,8.257600009548423,5.944465967251573,7.684484999690796,6.6890098252294035,11.392258088450864,11.860837241789767,5.195317250827769,3.22520358633927,3.8036849355768507,4.203143367317714,5.825252858523777,3.797387577595966,4.315827950305411,3.1192189650024424,3.762853515463645,10.689239383836076,6.237760674883957,9.108238274792024,10.71855769416619,9.247650320757806,3.4213218828923098,3.9516678018168325,3.609261049368891,6.159074963839017,5.389088199241023,3.9691306437247587,10.309907974316543,3.7914882043324205,5.348903055540554,5.277296614045134,9.057643223894392,6.871483148561744,10.195369870316554,2.7437091837277943,2.1409866918293905,-0.0,10.70183262753631,2.7688626424985223,3.466842257842004,3.716043683270936,5.852011684407274,4.383018479638292,8.534101571620576,4.468404625772996,5.906548650183551,4.248372079052063,2.15577500593673,5.259030468555622
59,10.99629848783192,8.768776004126197,10.030789034319529,9.651275271262413,7.740095116078976,10.625334509433713,8.955894288739602,10.552812528763903,11.597441505047824,8.357093448126356,11.15831181833373,8.736551760820483,10.779876796101709,10.024504914025714,11.62745583636937,15.199442697751667,9.308660927497396,9.948212964872386,9.813091212878765,9.49587791062806,10.703322089583828,8.028722080482261,11.929847596764379,11.849469022130021,10.297527615858142,12.93816227277591,13.515961216898464,15.943453344555016,19.03534638713097,12.042076235179872,9.186393235296288,11.842051767520811,11.937900803538197,13.138494993822375,13.236434602936578,8.419470875963015,11.52399770538265,13.117884197247768,13.501107266439197,12.79132873817983,14.794756657604808,19.75791381465574,17.260523992691564,9.102441093922991,7.0663994719389205,8.31035851671684,9.257759158150694,10.612671919382375,7.769439571146705,12.276523434503561,9.381523261036163,17.154015929348326,13.587107903479463,15.775338900645234,11.800506010412724,17.503917046630114,9.068379380550752,8.656806876788373,10.70183262753631,-0.0,10.921021024800897,9.16090201333344,9.49616237026377,11.33371390844637,10.422596393671263,14.871248910976513,10.204201006425318,9.893976002862855,12.77889268903199,8.556369408087622,14.188030509179173
60,5.073597363386648,3.8608301242906284,5.655694256227423,6.266923904512623,5.330030107004161,5.859080300501863,3.022071235559795,4.9209618533762844,6.715929947805517,3.544744056595165,5.7960369227626085,3.5688041694174695,4.175383051877167,3.0281756718322836,8.841918161664683,13.7302884230995,4.6392877696702275,5.698144714784131,4.305458299353421,5.481260923123366,3.6630622413452785,3.9429682585065455,8.458892834351907,9.324545629995919,6.792566680317185,6.460060078964014,8.215004699050239,13.755301375924375,11.619172501210556,6.404415076599932,3.6851014698215883,4.166643733723265,4.332682097227425,6.7901723886756695,4.04393097530917,6.597459974722297,3.7271147047251065,4.114087752735538,8.356120939975515,6.785391651292104,9.67062941307323,11.404798165882658,20.36982133682673,4.9890518955757885,5.864703683942378,5.395882999926156,6.402144399907476,6.427878461066303,4.56646080559983,13.316161325907457,4.438143229463517,3.598099768161007,7.291055232005284,10.587144970572226,8.467229905822611,7.2928323421912165,2.0330090040980084,3.465097241748297,2.7688626424985223,10.921021024800897,-0.0,4.58266075630548,4.991392995981903,6.646772234516412,5.373130979201521,6.326828294466804,3.4961442797385245,7.525604085680865,3.949526210029853,6.447785545353355,3.3098950727066287
61,9.42636021012493,4.681334064244644,5.67798874967843,1.826206730113055,5.866011581041745,11.492572108390675,6.999204767306474,8.211172532624964,4.829759040421158,4.955549046720189,10.841904656986467,3.995345972874053,8.487905429518392,3.462896548503777,10.657561718127216,17.628454528878287,4.597291384551354,4.417595319005728,2.692715616114687,8.119817760530898,8.562279816417245,4.9370869888301945,12.292062908669967,13.218140081342437,9.624699314016087,13.809383826443261,9.724421730682495,16.678173457960447,16.939008294728307,4.277169792186978,6.6507543168456005,7.160232739658057,8.915099517238717,8.26890972310084,5.3392206817597385,4.442420333605141,5.356304919973253,6.81235779287118,8.061039268072157,8.867951732714909,11.994770762981885,13.982744390090543,19.586946160856233,3.0923979665018573,3.084099384224039,3.3792661884230726,3.6143562848987263,3.536672050851419,4.530944366834965,7.812225913836674,6.3513346741776475,8.757995120453042,8.371356405451772,14.427977756124061,11.920227495905786,15.278801573074363,4.160990632170945,3.5897389482363025,3.466842257842004,9.16090201333344,4.58266075630548,-0.0,6.022271543517882,10.372772387346602,9.262710457557587,13.369414776814713,9.68027531946307,4.480459642115965,8.789549602195397,5.041485001544076,9.499298514409587
62,2.83371442403047,3.5974242616061267,12.402336952149394,7.627130784222699,2.4325892927234465,4.280159788223374,4.068107767602334,2.632501117991083,5.7557515522391105,2.295530171950013,3.3367355440005007,2.9886889876288585,2.506510670544908,6.279594310665162,4.057088144159392,8.6032619745967,5.033751123361729,10.722915186073362,9.719281544963462,2.2072383197179692,6.144945422003398,3.0607038302686176,4.2017140832334405,5.328901575328808,3.3814123127317157,7.577275613215771,3.6566139348605535,8.85702650353609,9.079870802423791,6.475063150237362,3.2408863343433243,3.4711510960301206,3.7104141290709562,2.792375086155071,3.31739191561826,4.924822905643565,3.3145074096758793,2.4151975099579746,10.188506330265579,4.21633832957572,5.9915955116698365,7.7585727067441566,12.16992038326696,5.550709166646673,5.62259952468745,4.753926556119081,13.20505164905716,9.958662095584412,7.977931890946286,15.800414005458128,4.247059238632955,5.768810653513167,2.0782921444506184,6.166848124926976,4.434588306413967,7.057636853177691,3.3617871121157274,3.617668139421778,3.716043683270936,9.49616237026377,4.991392995981903,6.022271543517882,-0.0,3.5046813510824166,2.699841474745398,5.370330155577783,3.955579784536481,7.086699286458428,3.402392376015637,4.012273586712321,3.16137636117903
63,3.1823564639960886,6.185304574291646,13.349590869092703,10.619577377615272,5.087315787201336,2.9888624610863213,5.732717346508372,3.3604598610379224,8.262698263194396,5.411237834728144,3.0995599647147607,6.862676964847678,3.9393247802249385,8.810740096816025,3.2899213672670973,5.320631637111804,7.345078911693328,16.94975649928803,12.551583214029181,3.29621957708507,6.842869273959253,5.344358854098605,2.9837605554752185,3.5561150384205242,3.4493010402846207,5.482004197940536,3.2031038260874953,6.014977324692397,6.069546149686506,12.009743938494829,5.483941270174138,5.255353321012119,3.909450290961151,3.7105439428677416,5.513555502743515,7.774557779199673,5.609439274291467,3.19582153809698,14.582220584959403,5.724624650408309,5.083874046845424,6.256477926994211,16.689094626498278,8.11584830223981,8.224175150853883,7.604748107688022,15.334403748290661,13.207727629844365,9.907275174039384,19.119408249968426,5.842096286021147,5.12856201843113,2.7973893435055386,2.817052467847637,2.195208164304328,3.2147594071416377,6.460521916243254,6.443790097596285,5.852011684407274,11.33371390844637,6.646772234516412,10.372772387346602,3.5046813510824166,-0.0,2.028861869886794,1.7844892841691908,3.5143377093947237,9.932710466506686,4.106529460695506,8.100475755053642,2.4573754142859596
64,2.3410145210028195,4.051594693968281,12.106951371466694,8.051154198822033,4.848801718847218,2.9370834212368417,3.9963911710749334,2.541171452208616,7.261209144474868,4.532123353728514,2.4730984149700372,5.389520126877553,2.2073359148354843,8.374022649484033,3.6623707840140227,6.6246750380684,5.197373794990068,13.207445041684661,12.025065044662167,2.420993982373492,5.740502520752074,3.6543300153918077,3.2292159468104753,4.141046528723703,3.1189238243578017,5.694753400680074,3.3536400127932806,7.2583532937160875,8.378486859295348,11.690162531641489,4.045959575084036,3.9754058533898213,2.555496857288398,4.109631164161861,5.952485635129683,8.686340727584938,5.6245804218383215,2.539849968380607,11.965647586898319,5.909520602782957,5.718127814867404,7.551024512703228,16.502303392898337,8.853109894391826,8.885811687250694,8.5837306357655,14.305429605264777,13.518271002692195,10.26557873981754,19.96308999215077,5.955960074457526,4.369873195881719,2.3080090284818424,5.309283081262794,2.5020436229003065,6.331915476950493,3.921942223755919,4.390040684874884,4.383018479638292,10.422596393671263,5.373130979201521,9.262710457557587,2.699841474745398,2.028861869886794,-0.0,4.537588572515519,2.859426992847328,10.727463389983562,3.5052563703009003,7.137795282875187,2.205220266978044
65,6.228692393617371,10.39300181456061,13.298245302885688,15.155058502208519,8.634787185925397,6.086377402973591,9.12728151258781,6.172125977626264,12.520936343098688,7.92599034811112,5.904077951018189,9.9421187803943,7.921870437242346,9.064306052131224,4.079459337449271,5.281911227603479,12.47648274702428,18.601778360850783,11.098078284882815,5.84679102660377,7.553447497527432,9.966546092980563,5.712323151575636,4.974652948535774,5.993099442636498,6.124332502580008,4.071476287002243,5.948155948658275,5.836775146943813,15.310978436329234,9.338032824353807,9.053672833862977,6.115208704811816,4.561404728236298,7.681379408756405,10.939753411170326,7.759607790616817,4.743419688026069,14.188577167186875,7.873292099864011,5.344212988515404,6.1514915583678995,19.764121302785696,9.012621962981877,10.943341014970862,10.55918798957544,16.36823233128929,14.385032768286449,10.07402017249438,22.72380537688226,7.842654179930571,5.8217581435417225,4.502449488765172,2.3988532367388933,4.065930075691629,1.5370677163973845,9.26444946864973,10.41918237124908,8.534101571620576,14.871248910976513,6.326828294466804,13.369414776814713,5.370330155577783,1.7844892841691908,4.537588572515519,-0.0,4.057535415403639,11.69629664486755,4.8798401490250525,10.604489244721998,2.752407372614642
66,2.8524848674281653,4.607686490026348,6.116199752622759,8.727534318499636,5.714310100133443,2.321674525176853,3.3992198156825855,2.946716108991731,7.431047367846049,4.728801532239014,2.639642686076017,6.024177042186658,2.880014206354478,6.193902802770012,6.10591659578286,9.307423171111067,5.971071977735925,12.4548353816672,8.221258299597006,3.5828463277724856,2.7793342317739924,4.5009279033877085,5.299573527617088,5.951824599714009,4.684691405008291,2.6883518940517916,5.912730981047561,10.010330724257253,8.719647659750985,11.802388471107156,4.279023621359596,4.337612205507727,2.402729911782216,5.18796151115017,5.780833865529549,8.931594741790766,4.827176798636664,2.7639840739434867,10.635602941527479,5.831558685938371,7.233707570199166,9.165634956765343,18.458654870404338,7.716848219502877,8.687214631153225,8.504024717548482,9.063677229006474,10.82910235755369,7.049874644603208,18.792687951084286,4.8482427598243625,2.9484832406716732,5.451486187295757,7.277844522354831,5.417822268782942,5.196337962827216,4.225421884437115,4.836049705619544,4.468404625772996,10.204201006425318,3.4961442797385245,9.68027531946307,3.955579784536481,3.5143377093947237,2.859426992847328,4.057535415403639,-0.0,10.328363734313841,3.1132041508562764,7.944709077595019,1.5704220837276628
67,10.108808385072162,5.676634792531937,6.011429361349273,5.128859607310422,6.21673939468377,11.645320338749071,8.168996638851047,8.945514780065164,6.415441553666021,8.07786330046183,11.451943706053143,6.355179909818814,8.923031709520474,7.143952655732656,10.780654712104097,16.940355596650136,6.699785517386611,7.7596632470032105,4.144287764142544,8.69811287016436,9.676337847978113,5.790072973963958,12.862286322418724,13.64113322068363,10.5372053862411,14.573065254934528,10.27031120636912,16.318290272737325,17.633461214517215,7.490144360369784,7.863456598862723,8.220591013327475,10.146182065342561,8.906089597297898,6.149334750198831,3.000669979200495,5.773395538336481,7.597695868464616,7.779383863588862,9.346063065335315,12.322696428048149,13.86334372845533,12.41501481782415,3.0217941540527207,2.5453288729529193,3.757181758871004,5.623916972091632,5.668564202798266,5.0525513096490124,4.061550699235928,6.941676313254263,12.226158614412464,9.15915050887835,12.660353538985147,12.989816903191421,13.782915867441766,8.549027162992884,5.18908069438482,5.906548650183551,9.893976002862855,7.525604085680865,4.480459642115965,7.086699286458428,9.932710466506686,10.727463389983562,11.69629664486755,10.328363734313841,-0.0,10.305662446984341,5.966981858690286,8.708071673487664
68,3.181526998465716,6.063952170853829,8.27465100862112,9.716172205573837,5.526206318273084,4.079241093055536,4.639143062899065,3.007462505644058,7.846821063395326,3.6050364900092258,3.086706337428376,5.623751688347068,4.039722563735903,4.752342451296103,6.2633924412016055,10.263837439246686,7.2708241223822405,12.184302080205361,6.934948556296498,3.621062860284902,4.014570099065691,5.526744393185349,5.673135992500753,6.889499407416516,4.624127161305335,4.916401416801824,5.784286101901517,11.420673971308329,8.326547348876227,9.027441147764828,4.736578026506446,4.867799186832981,4.028751232652225,4.438611968385863,5.061239337795293,8.147338558989086,4.167240386947133,2.8692659053434286,12.955882087762664,5.106438998361245,7.385175884257582,9.829657373132171,7.316615157273824,6.342322788901998,7.858879160755887,7.2296720381334225,9.670096020762582,9.365393512108247,5.9195255270850655,16.98679126563337,4.251317232874231,5.533270889249945,5.14555439812265,8.07021778787198,6.283658143625075,5.689602662598361,4.330917301636903,5.7366251118223985,4.248372079052063,12.77889268903199,3.949526210029853,8.789549602195397,3.402392376015637,4.106529460695506,3.5052563703009003,4.8798401490250525,3.1132041508562764,10.305662446984341,-0.0,3.8609177381033923,2.7645795632971426
69,6.36595401172236,2.7229296464493413,8.606645195420954,5.597204494457942,4.080469680403053,8.847426494123368,5.424601667238581,5.513884060271726,5.571009099001052,6.4862844954893415,7.08003249203749,4.548764222155922,5.63789321639077,6.196695809149712,8.746984600854896,13.489145131513467,4.048499062924066,9.929278727109748,6.8327104512152,5.204869182855144,6.013586845903864,3.765516064018994,9.328633165648224,10.896137133108484,7.150755964078032,9.874594654703019,7.535317431467855,14.544070828647602,11.066290678998133,4.877008907478504,4.228537702336953,4.620813965793634,7.12938403180929,5.8362670932143175,4.078181521293155,3.6758719531362534,3.004666860485652,5.070106583567445,7.324424947344325,5.977532790010181,9.953607102770707,12.171679793865474,5.695405358343719,3.1845437992289964,3.550459854607391,3.146116528297775,8.911162109401907,6.366228902206527,4.667383376330227,11.263194495108863,4.418933057109637,9.749329718577219,5.515721179479016,11.626922452961942,9.837140981387508,11.821269501134232,6.535895261445767,2.9639106566277538,2.15577500593673,8.556369408087622,6.447785545353355,5.041485001544076,4.012273586712321,8.100475755053642,7.137795282875187,10.604489244721998,7.944709077595019,5.966981858690286,3.8609177381033923,-0.0,7.004804144957483
70,3.491110227131602,6.593150787937437,9.624412533137399,11.086543137570196,5.8723246062441365,3.689368778422472,5.446949806131662,3.670391843218755,8.357968262195785,4.724319928192453,3.4269443791180785,6.509860623298497,4.537047987954583,5.772591844485263,5.07830057780718,8.466111095197551,8.604586369094067,14.353602252017925,7.659522998425713,3.868232005377347,4.577116731973632,6.55575925128489,5.145219151114189,5.462431662925814,4.36206226035208,3.7890379025855534,4.672100817514872,8.967559022427443,8.415432062266358,10.772318448341759,5.760839169036445,5.7616569763248915,3.33446952969382,3.9991993370597188,5.138069148592068,7.873600785060761,4.39529919135636,2.606364668160273,9.419134010424314,5.763369566699166,6.582525150552889,7.750183406949047,16.74065360013252,6.264594642769575,7.942798211506453,7.445086510318919,11.787794571267858,10.216414862184237,6.901387213737682,17.71605253666316,5.007093737955448,3.277485422844834,3.891771532365028,5.466353222973267,4.345516814348006,3.9329388084179415,5.468727666835144,6.898537111983792,5.259030468555622,14.188030509179173,3.3098950727066287,9.499298514409587,3.16137636117903,2.4573754142859596,2.205220266978044,2.752407372614642,1.5704220837276628,8.708071673487664,2.7645795632971426,7.004804144957483,-0.0
