0,time,week
12.38,2019-01-19 00:00:00,6
12.65,2019-01-19 01:00:00,6
12.54,2019-01-19 02:00:00,6
12.47,2019-01-19 03:00:00,6
12.49,2019-01-19 04:00:00,6
12.61,2019-01-19 05:00:00,6
12.45,2019-01-19 06:00:00,6
12.11,2019-01-19 07:00:00,6
11.34,2019-01-19 08:00:00,6
11.26,2019-01-19 09:00:00,6
11.28,2019-01-19 10:00:00,6
11.34,2019-01-19 11:00:00,6
9.02,2019-01-19 12:00:00,6
6.52,2019-01-19 13:00:00,6
6.13,2019-01-19 14:00:00,6
6.59,2019-01-19 15:00:00,6
6.43,2019-01-19 16:00:00,6
6.41,2019-01-19 17:00:00,6
7.27,2019-01-19 18:00:00,6
7.24,2019-01-19 19:00:00,6
9.93,2019-01-19 20:00:00,6
12.42,2019-01-19 21:00:00,6
12.35,2019-01-19 22:00:00,6
12.42,2019-01-19 23:00:00,6
12.47,2019-01-26 00:00:00,6
12.56,2019-01-26 01:00:00,6
12.56,2019-01-26 02:00:00,6
12.39,2019-01-26 03:00:00,6
9.78,2019-01-26 04:00:00,6
8.24,2019-01-26 05:00:00,6
8.12,2019-01-26 06:00:00,6
7.74,2019-01-26 07:00:00,6
7.24,2019-01-26 08:00:00,6
10.74,2019-01-26 09:00:00,6
11.45,2019-01-26 10:00:00,6
11.39,2019-01-26 11:00:00,6
7.75,2019-01-26 12:00:00,6
6.35,2019-01-26 13:00:00,6
6.34,2019-01-26 14:00:00,6
6.6,2019-01-26 15:00:00,6
6.07,2019-01-26 16:00:00,6
6.43,2019-01-26 17:00:00,6
7.09,2019-01-26 18:00:00,6
7.22,2019-01-26 19:00:00,6
11.21,2019-01-26 20:00:00,6
12.41,2019-01-26 21:00:00,6
12.27,2019-01-26 22:00:00,6
12.43,2019-01-26 23:00:00,6
8.75,2019-02-02 00:00:00,6
11.71,2019-02-02 01:00:00,6
12.36,2019-02-02 02:00:00,6
12.37,2019-02-02 03:00:00,6
12.24,2019-02-02 04:00:00,6
12.02,2019-02-02 05:00:00,6
11.52,2019-02-02 06:00:00,6
11.32,2019-02-02 07:00:00,6
11.18,2019-02-02 08:00:00,6
10.83,2019-02-02 09:00:00,6
11.17,2019-02-02 10:00:00,6
7.2,2019-02-02 11:00:00,6
6.14,2019-02-02 12:00:00,6
6.26,2019-02-02 13:00:00,6
6.01,2019-02-02 14:00:00,6
6.52,2019-02-02 15:00:00,6
6.11,2019-02-02 16:00:00,6
6.05,2019-02-02 17:00:00,6
6.67,2019-02-02 18:00:00,6
7.54,2019-02-02 19:00:00,6
7.06,2019-02-02 20:00:00,6
7.44,2019-02-02 21:00:00,6
7.31,2019-02-02 22:00:00,6
7.42,2019-02-02 23:00:00,6
12.4,2019-01-20 00:00:00,7
12.4,2019-01-20 01:00:00,7
12.34,2019-01-20 02:00:00,7
12.54,2019-01-20 03:00:00,7
12.34,2019-01-20 04:00:00,7
12.47,2019-01-20 05:00:00,7
12.42,2019-01-20 06:00:00,7
11.86,2019-01-20 07:00:00,7
11.35,2019-01-20 08:00:00,7
11.34,2019-01-20 09:00:00,7
11.35,2019-01-20 10:00:00,7
11.5,2019-01-20 11:00:00,7
9.12,2019-01-20 12:00:00,7
6.32,2019-01-20 13:00:00,7
6.4,2019-01-20 14:00:00,7
6.39,2019-01-20 15:00:00,7
6.3,2019-01-20 16:00:00,7
6.35,2019-01-20 17:00:00,7
7.23,2019-01-20 18:00:00,7
7.16,2019-01-20 19:00:00,7
7.91,2019-01-20 20:00:00,7
12.21,2019-01-20 21:00:00,7
12.35,2019-01-20 22:00:00,7
12.54,2019-01-20 23:00:00,7
12.59,2019-01-27 00:00:00,7
12.25,2019-01-27 01:00:00,7
12.38,2019-01-27 02:00:00,7
12.68,2019-01-27 03:00:00,7
12.32,2019-01-27 04:00:00,7
12.24,2019-01-27 05:00:00,7
12.56,2019-01-27 06:00:00,7
11.95,2019-01-27 07:00:00,7
11.34,2019-01-27 08:00:00,7
11.34,2019-01-27 09:00:00,7
11.32,2019-01-27 10:00:00,7
11.2,2019-01-27 11:00:00,7
8.76,2019-01-27 12:00:00,7
6.54,2019-01-27 13:00:00,7
6.43,2019-01-27 14:00:00,7
6.09,2019-01-27 15:00:00,7
6.5,2019-01-27 16:00:00,7
6.25,2019-01-27 17:00:00,7
6.95,2019-01-27 18:00:00,7
9.23,2019-01-27 19:00:00,7
12.16,2019-01-27 20:00:00,7
12.28,2019-01-27 21:00:00,7
12.28,2019-01-27 22:00:00,7
12.51,2019-01-27 23:00:00,7
10.72,2019-03-09 00:00:00,6
11.96,2019-03-09 01:00:00,6
12.93,2019-03-09 02:00:00,6
13.2,2019-03-09 03:00:00,6
13.0,2019-03-09 04:00:00,6
12.88,2019-03-09 05:00:00,6
12.99,2019-03-09 06:00:00,6
11.82,2019-03-09 07:00:00,6
11.78,2019-03-09 08:00:00,6
11.71,2019-03-09 09:00:00,6
11.69,2019-03-09 10:00:00,6
11.92,2019-03-09 11:00:00,6
7.74,2019-03-09 12:00:00,6
6.92,2019-03-09 13:00:00,6
6.8,2019-03-09 14:00:00,6
6.85,2019-03-09 15:00:00,6
6.81,2019-03-09 16:00:00,6
6.8,2019-03-09 17:00:00,6
6.91,2019-03-09 18:00:00,6
7.89,2019-03-09 19:00:00,6
8.92,2019-03-09 20:00:00,6
12.94,2019-03-09 21:00:00,6
12.7,2019-03-09 22:00:00,6
12.85,2019-03-09 23:00:00,6
11.37,2019-03-10 00:00:00,7
10.91,2019-03-10 01:00:00,7
12.39,2019-03-10 02:00:00,7
13.04,2019-03-10 03:00:00,7
13.0,2019-03-10 04:00:00,7
12.76,2019-03-10 05:00:00,7
13.13,2019-03-10 06:00:00,7
12.09,2019-03-10 07:00:00,7
11.65,2019-03-10 08:00:00,7
11.84,2019-03-10 09:00:00,7
11.62,2019-03-10 10:00:00,7
8.64,2019-03-10 11:00:00,7
6.75,2019-03-10 12:00:00,7
7.25,2019-03-10 13:00:00,7
6.8,2019-03-10 14:00:00,7
6.99,2019-03-10 15:00:00,7
6.5,2019-03-10 16:00:00,7
6.85,2019-03-10 17:00:00,7
7.08,2019-03-10 18:00:00,7
7.68,2019-03-10 19:00:00,7
7.79,2019-03-10 20:00:00,7
7.87,2019-03-10 21:00:00,7
8.02,2019-03-10 22:00:00,7
9.06,2019-03-10 23:00:00,7
10.12,2019-04-20 00:00:00,6
9.65,2019-04-20 01:00:00,6
8.89,2019-04-20 02:00:00,6
9.32,2019-04-20 03:00:00,6
8.46,2019-04-20 04:00:00,6
9.0,2019-04-20 05:00:00,6
7.65,2019-04-20 06:00:00,6
7.35,2019-04-20 07:00:00,6
8.78,2019-04-20 08:00:00,6
9.92,2019-04-20 09:00:00,6
10.68,2019-04-20 10:00:00,6
12.97,2019-04-20 11:00:00,6
13.82,2019-04-20 12:00:00,6
14.15,2019-04-20 13:00:00,6
14.79,2019-04-20 14:00:00,6
14.53,2019-04-20 15:00:00,6
14.88,2019-04-20 16:00:00,6
13.31,2019-04-20 17:00:00,6
13.88,2019-04-20 18:00:00,6
13.74,2019-04-20 19:00:00,6
12.73,2019-04-20 20:00:00,6
12.32,2019-04-20 21:00:00,6
11.72,2019-04-20 22:00:00,6
11.63,2019-04-20 23:00:00,6
12.49,2019-04-27 00:00:00,6
11.02,2019-04-27 01:00:00,6
10.66,2019-04-27 02:00:00,6
10.22,2019-04-27 03:00:00,6
9.72,2019-04-27 04:00:00,6
9.95,2019-04-27 05:00:00,6
8.72,2019-04-27 06:00:00,6
8.3,2019-04-27 07:00:00,6
10.26,2019-04-27 08:00:00,6
12.38,2019-04-27 09:00:00,6
12.57,2019-04-27 10:00:00,6
14.56,2019-04-27 11:00:00,6
15.65,2019-04-27 12:00:00,6
16.81,2019-04-27 13:00:00,6
16.98,2019-04-27 14:00:00,6
17.45,2019-04-27 15:00:00,6
18.04,2019-04-27 16:00:00,6
17.79,2019-04-27 17:00:00,6
16.3,2019-04-27 18:00:00,6
15.68,2019-04-27 19:00:00,6
14.69,2019-04-27 20:00:00,6
13.23,2019-04-27 21:00:00,6
12.77,2019-04-27 22:00:00,6
11.42,2019-04-27 23:00:00,6
10.34,2019-05-04 00:00:00,6
9.76,2019-05-04 01:00:00,6
9.69,2019-05-04 02:00:00,6
9.34,2019-05-04 03:00:00,6
9.4,2019-05-04 04:00:00,6
8.75,2019-05-04 05:00:00,6
7.39,2019-05-04 06:00:00,6
7.62,2019-05-04 07:00:00,6
8.2,2019-05-04 08:00:00,6
9.35,2019-05-04 09:00:00,6
12.13,2019-05-04 10:00:00,6
13.26,2019-05-04 11:00:00,6
14.84,2019-05-04 12:00:00,6
15.5,2019-05-04 13:00:00,6
16.21,2019-05-04 14:00:00,6
16.82,2019-05-04 15:00:00,6
16.81,2019-05-04 16:00:00,6
15.39,2019-05-04 17:00:00,6
14.42,2019-05-04 18:00:00,6
14.69,2019-05-04 19:00:00,6
13.8,2019-05-04 20:00:00,6
12.42,2019-05-04 21:00:00,6
12.68,2019-05-04 22:00:00,6
11.15,2019-05-04 23:00:00,6
9.79,2019-05-11 00:00:00,6
9.4,2019-05-11 01:00:00,6
9.33,2019-05-11 02:00:00,6
9.2,2019-05-11 03:00:00,6
8.76,2019-05-11 04:00:00,6
8.44,2019-05-11 05:00:00,6
7.24,2019-05-11 06:00:00,6
6.97,2019-05-11 07:00:00,6
7.59,2019-05-11 08:00:00,6
8.91,2019-05-11 09:00:00,6
9.68,2019-05-11 10:00:00,6
10.7,2019-05-11 11:00:00,6
11.09,2019-05-11 12:00:00,6
12.02,2019-05-11 13:00:00,6
12.32,2019-05-11 14:00:00,6
12.38,2019-05-11 15:00:00,6
12.44,2019-05-11 16:00:00,6
12.23,2019-05-11 17:00:00,6
11.66,2019-05-11 18:00:00,6
11.79,2019-05-11 19:00:00,6
11.4,2019-05-11 20:00:00,6
11.71,2019-05-11 21:00:00,6
11.28,2019-05-11 22:00:00,6
10.66,2019-05-11 23:00:00,6
9.42,2019-05-18 00:00:00,6
8.87,2019-05-18 01:00:00,6
9.19,2019-05-18 02:00:00,6
8.52,2019-05-18 03:00:00,6
7.71,2019-05-18 04:00:00,6
7.7,2019-05-18 05:00:00,6
6.1,2019-05-18 06:00:00,6
6.12,2019-05-18 07:00:00,6
6.08,2019-05-18 08:00:00,6
6.07,2019-05-18 09:00:00,6
8.63,2019-05-18 10:00:00,6
10.63,2019-05-18 11:00:00,6
10.81,2019-05-18 12:00:00,6
11.98,2019-05-18 13:00:00,6
11.72,2019-05-18 14:00:00,6
12.32,2019-05-18 15:00:00,6
12.08,2019-05-18 16:00:00,6
12.56,2019-05-18 17:00:00,6
11.46,2019-05-18 18:00:00,6
11.76,2019-05-18 19:00:00,6
11.77,2019-05-18 20:00:00,6
11.65,2019-05-18 21:00:00,6
11.42,2019-05-18 22:00:00,6
10.11,2019-05-18 23:00:00,6
8.88,2019-05-25 00:00:00,6
8.85,2019-05-25 01:00:00,6
9.17,2019-05-25 02:00:00,6
8.64,2019-05-25 03:00:00,6
8.8,2019-05-25 04:00:00,6
7.68,2019-05-25 05:00:00,6
6.06,2019-05-25 06:00:00,6
6.12,2019-05-25 07:00:00,6
6.01,2019-05-25 08:00:00,6
7.56,2019-05-25 09:00:00,6
8.83,2019-05-25 10:00:00,6
11.21,2019-05-25 11:00:00,6
11.24,2019-05-25 12:00:00,6
13.17,2019-05-25 13:00:00,6
12.78,2019-05-25 14:00:00,6
14.78,2019-05-25 15:00:00,6
13.24,2019-05-25 16:00:00,6
13.92,2019-05-25 17:00:00,6
13.59,2019-05-25 18:00:00,6
12.84,2019-05-25 19:00:00,6
12.17,2019-05-25 20:00:00,6
11.46,2019-05-25 21:00:00,6
11.38,2019-05-25 22:00:00,6
10.61,2019-05-25 23:00:00,6
11.85,2019-06-01 00:00:00,6
11.58,2019-06-01 01:00:00,6
11.25,2019-06-01 02:00:00,6
10.2,2019-06-01 03:00:00,6
9.71,2019-06-01 04:00:00,6
9.22,2019-06-01 05:00:00,6
8.47,2019-06-01 06:00:00,6
9.27,2019-06-01 07:00:00,6
10.76,2019-06-01 08:00:00,6
11.83,2019-06-01 09:00:00,6
12.66,2019-06-01 10:00:00,6
13.88,2019-06-01 11:00:00,6
14.77,2019-06-01 12:00:00,6
16.41,2019-06-01 13:00:00,6
16.58,2019-06-01 14:00:00,6
16.66,2019-06-01 15:00:00,6
15.34,2019-06-01 16:00:00,6
15.64,2019-06-01 17:00:00,6
15.61,2019-06-01 18:00:00,6
15.01,2019-06-01 19:00:00,6
14.42,2019-06-01 20:00:00,6
15.29,2019-06-01 21:00:00,6
13.3,2019-06-01 22:00:00,6
13.06,2019-06-01 23:00:00,6
10.78,2019-04-21 00:00:00,7
10.81,2019-04-21 01:00:00,7
9.39,2019-04-21 02:00:00,7
9.59,2019-04-21 03:00:00,7
9.41,2019-04-21 04:00:00,7
8.72,2019-04-21 05:00:00,7
7.57,2019-04-21 06:00:00,7
7.94,2019-04-21 07:00:00,7
7.49,2019-04-21 08:00:00,7
9.49,2019-04-21 09:00:00,7
9.96,2019-04-21 10:00:00,7
10.89,2019-04-21 11:00:00,7
12.61,2019-04-21 12:00:00,7
13.01,2019-04-21 13:00:00,7
13.08,2019-04-21 14:00:00,7
12.93,2019-04-21 15:00:00,7
13.88,2019-04-21 16:00:00,7
13.94,2019-04-21 17:00:00,7
12.0,2019-04-21 18:00:00,7
11.95,2019-04-21 19:00:00,7
11.82,2019-04-21 20:00:00,7
11.45,2019-04-21 21:00:00,7
10.7,2019-04-21 22:00:00,7
9.57,2019-04-21 23:00:00,7
11.23,2019-04-28 00:00:00,7
10.8,2019-04-28 01:00:00,7
10.2,2019-04-28 02:00:00,7
10.39,2019-04-28 03:00:00,7
9.91,2019-04-28 04:00:00,7
9.37,2019-04-28 05:00:00,7
8.66,2019-04-28 06:00:00,7
8.27,2019-04-28 07:00:00,7
9.53,2019-04-28 08:00:00,7
11.09,2019-04-28 09:00:00,7
12.71,2019-04-28 10:00:00,7
14.48,2019-04-28 11:00:00,7
14.57,2019-04-28 12:00:00,7
15.48,2019-04-28 13:00:00,7
16.85,2019-04-28 14:00:00,7
16.87,2019-04-28 15:00:00,7
16.62,2019-04-28 16:00:00,7
16.04,2019-04-28 17:00:00,7
16.1,2019-04-28 18:00:00,7
14.69,2019-04-28 19:00:00,7
13.96,2019-04-28 20:00:00,7
13.38,2019-04-28 21:00:00,7
13.02,2019-04-28 22:00:00,7
12.35,2019-04-28 23:00:00,7
10.88,2019-05-05 00:00:00,7
10.79,2019-05-05 01:00:00,7
9.79,2019-05-05 02:00:00,7
9.99,2019-05-05 03:00:00,7
9.47,2019-05-05 04:00:00,7
9.03,2019-05-05 05:00:00,7
8.39,2019-05-05 06:00:00,7
8.18,2019-05-05 07:00:00,7
9.02,2019-05-05 08:00:00,7
10.03,2019-05-05 09:00:00,7
11.82,2019-05-05 10:00:00,7
13.74,2019-05-05 11:00:00,7
15.15,2019-05-05 12:00:00,7
15.11,2019-05-05 13:00:00,7
15.78,2019-05-05 14:00:00,7
16.37,2019-05-05 15:00:00,7
15.09,2019-05-05 16:00:00,7
15.34,2019-05-05 17:00:00,7
14.22,2019-05-05 18:00:00,7
13.76,2019-05-05 19:00:00,7
13.59,2019-05-05 20:00:00,7
12.3,2019-05-05 21:00:00,7
13.23,2019-05-05 22:00:00,7
11.42,2019-05-05 23:00:00,7
10.7,2019-05-12 00:00:00,7
9.82,2019-05-12 01:00:00,7
9.71,2019-05-12 02:00:00,7
9.23,2019-05-12 03:00:00,7
8.85,2019-05-12 04:00:00,7
8.71,2019-05-12 05:00:00,7
7.57,2019-05-12 06:00:00,7
8.09,2019-05-12 07:00:00,7
7.75,2019-05-12 08:00:00,7
9.21,2019-05-12 09:00:00,7
9.8,2019-05-12 10:00:00,7
10.39,2019-05-12 11:00:00,7
11.44,2019-05-12 12:00:00,7
12.57,2019-05-12 13:00:00,7
13.42,2019-05-12 14:00:00,7
11.1,2019-05-12 15:00:00,7
10.1,2019-05-12 16:00:00,7
10.42,2019-05-12 17:00:00,7
10.16,2019-05-12 18:00:00,7
10.23,2019-05-12 19:00:00,7
10.84,2019-05-12 20:00:00,7
10.08,2019-05-12 21:00:00,7
8.88,2019-05-12 22:00:00,7
9.43,2019-05-12 23:00:00,7
10.22,2019-05-19 00:00:00,7
8.8,2019-05-19 01:00:00,7
9.38,2019-05-19 02:00:00,7
8.87,2019-05-19 03:00:00,7
9.04,2019-05-19 04:00:00,7
8.51,2019-05-19 05:00:00,7
7.56,2019-05-19 06:00:00,7
7.73,2019-05-19 07:00:00,7
7.54,2019-05-19 08:00:00,7
8.36,2019-05-19 09:00:00,7
8.75,2019-05-19 10:00:00,7
8.95,2019-05-19 11:00:00,7
9.81,2019-05-19 12:00:00,7
11.25,2019-05-19 13:00:00,7
10.31,2019-05-19 14:00:00,7
11.67,2019-05-19 15:00:00,7
11.2,2019-05-19 16:00:00,7
10.73,2019-05-19 17:00:00,7
10.63,2019-05-19 18:00:00,7
10.87,2019-05-19 19:00:00,7
10.88,2019-05-19 20:00:00,7
10.76,2019-05-19 21:00:00,7
9.84,2019-05-19 22:00:00,7
10.39,2019-05-19 23:00:00,7
10.24,2019-05-26 00:00:00,7
9.88,2019-05-26 01:00:00,7
9.27,2019-05-26 02:00:00,7
9.54,2019-05-26 03:00:00,7
8.35,2019-05-26 04:00:00,7
8.45,2019-05-26 05:00:00,7
7.39,2019-05-26 06:00:00,7
7.86,2019-05-26 07:00:00,7
8.2,2019-05-26 08:00:00,7
9.03,2019-05-26 09:00:00,7
9.6,2019-05-26 10:00:00,7
11.46,2019-05-26 11:00:00,7
10.78,2019-05-26 12:00:00,7
11.88,2019-05-26 13:00:00,7
11.85,2019-05-26 14:00:00,7
12.34,2019-05-26 15:00:00,7
11.21,2019-05-26 16:00:00,7
11.47,2019-05-26 17:00:00,7
11.78,2019-05-26 18:00:00,7
10.99,2019-05-26 19:00:00,7
11.11,2019-05-26 20:00:00,7
11.1,2019-05-26 21:00:00,7
10.62,2019-05-26 22:00:00,7
11.25,2019-05-26 23:00:00,7
12.33,2019-06-02 00:00:00,7
12.18,2019-06-02 01:00:00,7
11.46,2019-06-02 02:00:00,7
11.27,2019-06-02 03:00:00,7
10.58,2019-06-02 04:00:00,7
9.97,2019-06-02 05:00:00,7
9.33,2019-06-02 06:00:00,7
9.86,2019-06-02 07:00:00,7
11.37,2019-06-02 08:00:00,7
11.84,2019-06-02 09:00:00,7
14.01,2019-06-02 10:00:00,7
13.65,2019-06-02 11:00:00,7
14.7,2019-06-02 12:00:00,7
15.03,2019-06-02 13:00:00,7
16.23,2019-06-02 14:00:00,7
16.1,2019-06-02 15:00:00,7
15.19,2019-06-02 16:00:00,7
14.78,2019-06-02 17:00:00,7
14.98,2019-06-02 18:00:00,7
14.17,2019-06-02 19:00:00,7
14.09,2019-06-02 20:00:00,7
14.37,2019-06-02 21:00:00,7
12.93,2019-06-02 22:00:00,7
13.62,2019-06-02 23:00:00,7
13.67,2019-11-23 00:00:00,6
13.25,2019-11-23 01:00:00,6
14.1,2019-11-23 02:00:00,6
13.98,2019-11-23 03:00:00,6
13.9,2019-11-23 04:00:00,6
13.8,2019-11-23 05:00:00,6
13.84,2019-11-23 06:00:00,6
13.31,2019-11-23 07:00:00,6
12.88,2019-11-23 08:00:00,6
12.67,2019-11-23 09:00:00,6
12.64,2019-11-23 10:00:00,6
11.57,2019-11-23 11:00:00,6
7.59,2019-11-23 12:00:00,6
7.73,2019-11-23 13:00:00,6
7.75,2019-11-23 14:00:00,6
7.52,2019-11-23 15:00:00,6
7.85,2019-11-23 16:00:00,6
8.03,2019-11-23 17:00:00,6
8.6,2019-11-23 18:00:00,6
8.71,2019-11-23 19:00:00,6
10.88,2019-11-23 20:00:00,6
13.7,2019-11-23 21:00:00,6
10.87,2019-11-23 22:00:00,6
10.87,2019-11-23 23:00:00,6
13.98,2019-11-30 00:00:00,6
13.89,2019-11-30 01:00:00,6
13.83,2019-11-30 02:00:00,6
13.81,2019-11-30 03:00:00,6
13.82,2019-11-30 04:00:00,6
13.94,2019-11-30 05:00:00,6
13.82,2019-11-30 06:00:00,6
13.15,2019-11-30 07:00:00,6
12.89,2019-11-30 08:00:00,6
12.68,2019-11-30 09:00:00,6
12.85,2019-11-30 10:00:00,6
12.7,2019-11-30 11:00:00,6
12.83,2019-11-30 12:00:00,6
12.65,2019-11-30 13:00:00,6
12.84,2019-11-30 14:00:00,6
12.88,2019-11-30 15:00:00,6
12.83,2019-11-30 16:00:00,6
12.88,2019-11-30 17:00:00,6
13.67,2019-11-30 18:00:00,6
13.9,2019-11-30 19:00:00,6
13.64,2019-11-30 20:00:00,6
13.67,2019-11-30 21:00:00,6
14.0,2019-11-30 22:00:00,6
13.78,2019-11-30 23:00:00,6
12.71,2019-12-07 00:00:00,6
13.28,2019-12-07 01:00:00,6
12.93,2019-12-07 02:00:00,6
12.92,2019-12-07 03:00:00,6
13.42,2019-12-07 04:00:00,6
13.96,2019-12-07 05:00:00,6
13.86,2019-12-07 06:00:00,6
13.56,2019-12-07 07:00:00,6
12.82,2019-12-07 08:00:00,6
12.86,2019-12-07 09:00:00,6
12.76,2019-12-07 10:00:00,6
9.3,2019-12-07 11:00:00,6
8.06,2019-12-07 12:00:00,6
7.8,2019-12-07 13:00:00,6
7.95,2019-12-07 14:00:00,6
7.57,2019-12-07 15:00:00,6
8.23,2019-12-07 16:00:00,6
8.0,2019-12-07 17:00:00,6
8.83,2019-12-07 18:00:00,6
9.08,2019-12-07 19:00:00,6
8.78,2019-12-07 20:00:00,6
11.44,2019-12-07 21:00:00,6
13.69,2019-12-07 22:00:00,6
11.6,2019-12-07 23:00:00,6
14.02,2019-12-14 00:00:00,6
14.04,2019-12-14 01:00:00,6
14.08,2019-12-14 02:00:00,6
14.04,2019-12-14 03:00:00,6
14.03,2019-12-14 04:00:00,6
13.82,2019-12-14 05:00:00,6
13.97,2019-12-14 06:00:00,6
13.68,2019-12-14 07:00:00,6
12.67,2019-12-14 08:00:00,6
12.7,2019-12-14 09:00:00,6
12.78,2019-12-14 10:00:00,6
12.77,2019-12-14 11:00:00,6
8.94,2019-12-14 12:00:00,6
7.8,2019-12-14 13:00:00,6
7.9,2019-12-14 14:00:00,6
7.55,2019-12-14 15:00:00,6
8.03,2019-12-14 16:00:00,6
7.76,2019-12-14 17:00:00,6
8.79,2019-12-14 18:00:00,6
9.09,2019-12-14 19:00:00,6
12.24,2019-12-14 20:00:00,6
13.87,2019-12-14 21:00:00,6
13.95,2019-12-14 22:00:00,6
14.02,2019-12-14 23:00:00,6
13.82,2019-12-21 00:00:00,6
13.66,2019-12-21 01:00:00,6
13.82,2019-12-21 02:00:00,6
9.56,2019-12-21 03:00:00,6
8.82,2019-12-21 04:00:00,6
8.73,2019-12-21 05:00:00,6
9.08,2019-12-21 06:00:00,6
8.4,2019-12-21 07:00:00,6
7.69,2019-12-21 08:00:00,6
10.3,2019-12-21 09:00:00,6
12.75,2019-12-21 10:00:00,6
12.58,2019-12-21 11:00:00,6
12.69,2019-12-21 12:00:00,6
7.87,2019-12-21 13:00:00,6
7.87,2019-12-21 14:00:00,6
7.51,2019-12-21 15:00:00,6
7.65,2019-12-21 16:00:00,6
7.82,2019-12-21 17:00:00,6
9.37,2019-12-21 18:00:00,6
13.51,2019-12-21 19:00:00,6
13.49,2019-12-21 20:00:00,6
13.75,2019-12-21 21:00:00,6
13.5,2019-12-21 22:00:00,6
13.72,2019-12-21 23:00:00,6
11.94,2019-11-24 00:00:00,7
12.7,2019-11-24 01:00:00,7
13.16,2019-11-24 02:00:00,7
14.17,2019-11-24 03:00:00,7
13.91,2019-11-24 04:00:00,7
13.88,2019-11-24 05:00:00,7
14.02,2019-11-24 06:00:00,7
13.31,2019-11-24 07:00:00,7
12.76,2019-11-24 08:00:00,7
12.78,2019-11-24 09:00:00,7
12.69,2019-11-24 10:00:00,7
12.63,2019-11-24 11:00:00,7
8.08,2019-11-24 12:00:00,7
7.45,2019-11-24 13:00:00,7
7.85,2019-11-24 14:00:00,7
7.79,2019-11-24 15:00:00,7
7.84,2019-11-24 16:00:00,7
7.77,2019-11-24 17:00:00,7
8.79,2019-11-24 18:00:00,7
8.72,2019-11-24 19:00:00,7
11.31,2019-11-24 20:00:00,7
12.77,2019-11-24 21:00:00,7
11.28,2019-11-24 22:00:00,7
11.23,2019-11-24 23:00:00,7
13.8,2019-12-01 00:00:00,7
13.93,2019-12-01 01:00:00,7
13.86,2019-12-01 02:00:00,7
13.84,2019-12-01 03:00:00,7
13.91,2019-12-01 04:00:00,7
9.47,2019-12-01 05:00:00,7
8.57,2019-12-01 06:00:00,7
8.08,2019-12-01 07:00:00,7
7.47,2019-12-01 08:00:00,7
10.79,2019-12-01 09:00:00,7
12.64,2019-12-01 10:00:00,7
12.86,2019-12-01 11:00:00,7
12.58,2019-12-01 12:00:00,7
12.64,2019-12-01 13:00:00,7
10.68,2019-12-01 14:00:00,7
8.01,2019-12-01 15:00:00,7
7.67,2019-12-01 16:00:00,7
7.8,2019-12-01 17:00:00,7
9.15,2019-12-01 18:00:00,7
13.74,2019-12-01 19:00:00,7
13.53,2019-12-01 20:00:00,7
13.78,2019-12-01 21:00:00,7
13.67,2019-12-01 22:00:00,7
13.86,2019-12-01 23:00:00,7
11.21,2019-12-08 00:00:00,7
11.43,2019-12-08 01:00:00,7
12.96,2019-12-08 02:00:00,7
13.37,2019-12-08 03:00:00,7
12.53,2019-12-08 04:00:00,7
12.38,2019-12-08 05:00:00,7
13.1,2019-12-08 06:00:00,7
13.13,2019-12-08 07:00:00,7
11.8,2019-12-08 08:00:00,7
11.95,2019-12-08 09:00:00,7
11.99,2019-12-08 10:00:00,7
10.88,2019-12-08 11:00:00,7
11.23,2019-12-08 12:00:00,7
10.79,2019-12-08 13:00:00,7
10.07,2019-12-08 14:00:00,7
10.02,2019-12-08 15:00:00,7
10.36,2019-12-08 16:00:00,7
10.28,2019-12-08 17:00:00,7
10.9,2019-12-08 18:00:00,7
12.99,2019-12-08 19:00:00,7
11.51,2019-12-08 20:00:00,7
11.76,2019-12-08 21:00:00,7
12.67,2019-12-08 22:00:00,7
12.39,2019-12-08 23:00:00,7
13.85,2019-12-15 00:00:00,7
13.89,2019-12-15 01:00:00,7
13.97,2019-12-15 02:00:00,7
14.0,2019-12-15 03:00:00,7
13.9,2019-12-15 04:00:00,7
13.89,2019-12-15 05:00:00,7
13.94,2019-12-15 06:00:00,7
13.32,2019-12-15 07:00:00,7
12.76,2019-12-15 08:00:00,7
12.71,2019-12-15 09:00:00,7
12.74,2019-12-15 10:00:00,7
12.86,2019-12-15 11:00:00,7
12.73,2019-12-15 12:00:00,7
12.77,2019-12-15 13:00:00,7
12.65,2019-12-15 14:00:00,7
12.83,2019-12-15 15:00:00,7
11.36,2019-12-15 16:00:00,7
10.87,2019-12-15 17:00:00,7
13.2,2019-12-15 18:00:00,7
13.78,2019-12-15 19:00:00,7
13.81,2019-12-15 20:00:00,7
13.71,2019-12-15 21:00:00,7
14.11,2019-12-15 22:00:00,7
13.8,2019-12-15 23:00:00,7
13.74,2019-12-22 00:00:00,7
13.67,2019-12-22 01:00:00,7
13.63,2019-12-22 02:00:00,7
13.77,2019-12-22 03:00:00,7
13.83,2019-12-22 04:00:00,7
13.51,2019-12-22 05:00:00,7
13.75,2019-12-22 06:00:00,7
13.48,2019-12-22 07:00:00,7
12.66,2019-12-22 08:00:00,7
12.67,2019-12-22 09:00:00,7
12.48,2019-12-22 10:00:00,7
12.52,2019-12-22 11:00:00,7
7.74,2019-12-22 12:00:00,7
7.5,2019-12-22 13:00:00,7
7.61,2019-12-22 14:00:00,7
7.28,2019-12-22 15:00:00,7
7.7,2019-12-22 16:00:00,7
7.85,2019-12-22 17:00:00,7
8.49,2019-12-22 18:00:00,7
13.26,2019-12-22 19:00:00,7
13.64,2019-12-22 20:00:00,7
13.57,2019-12-22 21:00:00,7
13.62,2019-12-22 22:00:00,7
13.88,2019-12-22 23:00:00,7
